Date,Coin,Type,Amount,Fee,Available,
2023-12-29 23:42:47,TET,Buy,0.6,-0.0006,63.1368,
2023-12-29 23:42:47,TET,Buy,27,-0.027,90.1098,
2023-12-29 23:42:47,TET,Buy,4.4,-0.0044,94.5054,
2023-12-29 23:42:47,TET,Buy,3.6,-0.0036,98.1018,
2023-12-29 23:42:47,USDT,Sell,-12.4404,0,1112.94308635888,
2023-12-29 23:42:47,USDT,Sell,-559.8207,0,553.12238635888,
2023-12-29 23:42:47,USDT,Sell,-74.64816,0,387.24330635888,
2023-12-29 23:42:47,USDT,Sell,-91.23092,0,461.89146635888,
2023-12-29 23:42:32,TET,Buy,12.9,-0.0129,62.5374,
2023-12-29 23:42:32,USDT,Sell,-264.45,0,1125.38348635888,
2023-12-29 23:42:10,USDT,Sell,-43.05,0,1389.83348635888,
2023-12-29 23:42:10,TET,Buy,2.1,-0.0021,49.6503,
2023-12-29 23:42:09,USDT,Sell,-10.25,0,1432.88348635888,
2023-12-29 23:42:09,TET,Buy,0.5,-0.0005,47.5524,
2023-12-29 23:42:06,AMP,Buy,13814,-13.814,13800.186,
2023-12-29 23:42:06,USDT,Sell,-375.665138091,0,1443.13348635888,
2023-12-29 23:42:06,AMP,Buy,35921.967,-35.921967,274819.146759,
2023-12-29 23:42:06,USDT,Sell,-647.614932,0,1818.79862444988,
2023-12-29 23:42:06,USDT,Sell,-50.186262,0,3416.46168214488,
2023-12-29 23:42:06,AMP,Buy,1376.274,-1.376274,15175.083726,
2023-12-29 23:42:06,USDT,Sell,-814.398552,0,2597.06175042888,
2023-12-29 23:42:06,AMP,Buy,103233.069,-103.233069,555784.96869,
2023-12-29 23:42:06,AMP,Buy,223982,-223.982,238933.101726,
2023-12-29 23:42:06,USDT,Sell,-5.001379716,0,3411.46030242888,
2023-12-29 23:42:06,AMP,Buy,178014,-178.014,452655.132759,
2023-12-29 23:42:06,USDT,Sell,-130.648193979,0,2466.41355644988,
2023-12-29 23:41:35,TET,Buy,1.9,-0.0019,47.0529,
2023-12-29 23:41:35,USDT,Sell,-38.95,0,3466.64794414488,
2023-12-29 23:41:21,TET,Buy,1.9,-0.0019,45.1548,
2023-12-29 23:41:21,USDT,Sell,-38.95,0,3505.59794414488,
2023-12-29 23:41:21,TET,Buy,5.1,-0.0051,43.2567,
2023-12-29 23:41:21,USDT,Sell,-104.55,0,3544.54794414488,
2023-12-29 23:40:38,USDT,Sell,-55.35,0,3649.09794414488,
2023-12-29 23:40:38,TET,Buy,2.7,-0.0027,38.1618,
2023-12-29 23:38:38,QNT,Buy,1.1274,-0.0011274,8.4078837,
2023-12-29 23:38:38,USDT,Sell,-15.0379875,0,4781.26996374488,
2023-12-29 23:38:38,QNT,Buy,0.8487,-0.0008487,6.8036895,
2023-12-29 23:38:38,USDT,Sell,-5.0110875,0,5545.52287234488,
2023-12-29 23:38:38,USDT,Sell,-5.01105,0,5550.53395984488,
2023-12-29 23:38:38,USDT,Sell,-5.010975,0,5555.54500984488,
2023-12-29 23:38:38,QNT,Buy,0.0375,-0.0000375,1.5688296,
2023-12-29 23:38:38,USDT,Sell,-48.9094871,0,4796.30795124488,
2023-12-29 23:38:38,USDT,Sell,-13.8599198,0,4958.65043684488,
2023-12-29 23:38:38,QNT,Buy,4.2877,-0.0042877,5.8522419,
2023-12-29 23:38:38,QNT,Buy,0.0375,-0.0000375,1.4564421,
2023-12-29 23:38:38,USDT,Sell,-7.655853,0,5565.56658484488,
2023-12-29 23:38:38,QNT,Buy,0.0375,-0.0000375,1.5313671,
2023-12-29 23:38:38,USDT,Sell,-5.0106,0,5560.55598484488,
2023-12-29 23:38:38,USDT,Sell,-150.7018128,0,4630.56815094488,
2023-12-29 23:38:38,USDT,Sell,-926.1202068,0,3704.44794414488,
2023-12-29 23:38:38,QNT,Buy,1.1691,-0.0011691,1.1679309,
2023-12-29 23:38:38,QNT,Buy,0.1125,-0.0001125,7.2816111,
2023-12-29 23:38:38,USDT,Sell,-5.010075,0,5589.12178984488,
2023-12-29 23:38:38,QNT,Buy,0.3659,-0.0003659,7.1692236,
2023-12-29 23:38:38,QNT,Buy,0.119,-0.000119,1.3617369,
2023-12-29 23:38:38,QNT,Buy,0.0375,-0.0000375,1.2428559,
2023-12-29 23:38:38,USDT,Sell,-5.0096625,0,5594.13186484488,
2023-12-29 23:38:38,USDT,Sell,-113.4329985,0,4845.21743834488,
2023-12-29 23:38:38,QNT,Buy,0.1037,-0.0001037,5.9558382,
2023-12-29 23:38:38,USDT,Sell,-573.0125157,0,4972.51035664488,
2023-12-29 23:38:38,USDT,Sell,-156.1660398,0,5599.14152734488,
2023-12-29 23:38:38,QNT,Buy,6.9282,-0.0069282,15.3291555,
2023-12-29 23:38:38,QNT,Buy,0.0375,-0.0000375,1.2053934,
2023-12-29 23:38:38,USDT,Sell,-15.899352,0,5573.22243784488,
2023-12-29 23:38:38,QNT,Buy,0.0375,-0.0000375,1.4939046,
2023-12-29 23:38:38,QNT,Buy,0.0573,-0.0000573,1.4189796,
2023-12-29 23:35:35,COQ,Buy,63853402.27,-63853.40227,2384824194.00459,
2023-12-29 23:35:35,USDT,Sell,-150.5821815117,0,5864.49688502658,
2023-12-29 23:35:35,COQ,Buy,88059755.27,-88059.75527,2321034645.13686,
2023-12-29 23:35:35,USDT,Sell,-109.1893178817,0,5755.30756714488,
2023-12-29 23:35:35,COQ,Buy,84053349.98,-84053.34998,2233062949.62213,
2023-12-29 23:35:35,COQ,Buy,111757170.2,-111757.1702,2043697559.11758,
2023-12-29 23:35:35,COQ,Buy,16985540.57,-16985.54057,1932052146.08778,
2023-12-29 23:35:35,COQ,Buy,30734932.68,-30734.93268,2074401756.8649,
2023-12-29 23:35:35,USDT,Sell,-143.7312284658,0,6015.07906653828,
2023-12-29 23:35:35,USDT,Sell,-191.104761042,0,6339.21802325778,
2023-12-29 23:35:35,USDT,Sell,-127.8509933709,0,6158.81029500408,
2023-12-29 23:35:35,USDT,Sell,-29.0452743747,0,6530.32278429978,
2023-12-29 23:35:35,COQ,Buy,74766662.79,-74766.66279,2149093652.99211,
2023-12-29 23:35:35,USDT,Sell,-52.5567348828,0,6286.66128837498,
2023-12-29 23:35:35,COQ,Buy,57659900.88,-57659.90088,1915083591.05835,
2023-12-29 23:35:35,USDT,Sell,-98.5984305048,0,6559.36805867448,
2023-12-29 23:35:35,USDT,Sell,-155.6309321271,0,6657.96648917928,
2023-12-29 23:35:35,COQ,Buy,91012241.01,-91012.24101,1857481350.07923,
2023-12-29 23:35:35,COQ,Buy,38796869.48,-38796.86948,1499513824.22094,
2023-12-29 23:35:35,COQ,Buy,111757170.2,-111757.1702,1611159237.25074,
2023-12-29 23:35:35,USDT,Sell,-66.3426468108,0,7270.70369560338,
2023-12-29 23:35:35,COQ,Buy,111757170.2,-111757.1702,1722804650.28054,
2023-12-29 23:35:35,COQ,Buy,43799270.3,-43799.2703,1766560121.31024,
2023-12-29 23:35:35,USDT,Sell,-191.104761042,0,7079.59893456138,
2023-12-29 23:35:35,USDT,Sell,-74.896752213,0,6813.59742130638,
2023-12-29 23:35:35,USDT,Sell,-191.104761042,0,6888.49417351938,
2023-12-29 23:35:35,COQ,Buy,44404933.21,-44404.93321,1460755751.61042,
2023-12-29 23:35:35,USDT,Sell,-75.9324357891,0,7337.04634241418,
2023-12-29 23:35:35,USDT,Sell,-5.0000000202,0,7412.97877820328,
2023-12-29 23:35:35,COQ,Buy,4503550.18,-4503.55018,1413474170.69025,
2023-12-29 23:35:35,USDT,Sell,-5.0058548208,0,7425.67984903128,
2023-12-29 23:35:35,USDT,Sell,-7.7010708078,0,7417.97877822348,
2023-12-29 23:35:35,COQ,Buy,2923976.62,-2923.97662,1416395223.33363,
2023-12-29 23:35:35,COQ,Buy,2927400.48,-2927.40048,1408975124.06043,
2023-12-29 23:35:35,USDT,Sell,-10.31503949532,0,7663.16719339158,
2023-12-29 23:35:35,USDT,Sell,-7.2739516077,0,7655.89324178388,
2023-12-29 23:35:35,COQ,Buy,6039250.29,-6039.25029,1270232517.61836,
2023-12-29 23:35:35,COQ,Buy,4253772.87,-4253.77287,1274482036.71549,
2023-12-29 23:35:35,COQ,Buy,52614226.56,-52614.22656,1264199306.57865,
2023-12-29 23:35:35,COQ,Buy,31800314.58,-31800.31458,1406050650.98091,
2023-12-29 23:35:35,USDT,Sell,-170.829,0,7485.06424178388,
2023-12-29 23:35:35,USDT,Sell,-54.3785379318,0,7430.68570385208,
2023-12-29 23:35:35,USDT,Sell,-89.81248473792,0,7673.4822328869,
2023-12-29 23:35:35,COQ,Buy,99900000,-99900,1374282136.71549,
2023-12-29 23:34:54,USDT,Sell,-3.47377946433,0,7835.28944454015,
2023-12-29 23:34:54,COQ,Buy,7137499.5,-7137.4995,1081166788.19277,
2023-12-29 23:34:54,USDT,Sell,-57.8673,0,7777.42214454015,
2023-12-29 23:34:54,USDT,Sell,-147.3984,0,7838.76322400448,
2023-12-29 23:34:54,COQ,Buy,86400000,-86400,1167480388.19277,
2023-12-29 23:34:54,COQ,Buy,7262167.42,-7262.16742,1074036426.19227,
2023-12-29 23:34:54,COQ,Buy,8266487.37,-8266.48737,1211637694.24521,
2023-12-29 23:34:54,USDT,Sell,-12.36747111626,0,7998.33106065198,
2023-12-29 23:34:54,USDT,Sell,-14.12742691533,0,7763.29471762482,
2023-12-29 23:34:54,COQ,Buy,2035020.19,-2035.02019,1169513373.36258,
2023-12-29 23:34:54,USDT,Sell,-12.1694366475,0,7986.16162400448,
2023-12-29 23:34:54,COQ,Buy,33900000,-33900,1203379473.36258,
2023-12-29 23:34:34,COQ,Buy,2941176.48,-2941.17648,1066781520.93969,
2023-12-29 23:34:34,USDT,Sell,-5.000000016,0,8010.69853176824,
2023-12-29 23:34:33,COQ,Buy,2941176.48,-2941.17648,1063843285.63617,
2023-12-29 23:34:33,USDT,Sell,-5.000000016,0,8015.69853178424,
2023-12-29 23:34:33,USDT,Sell,-19.196794944,0,8020.69853180024,
2023-12-29 23:34:33,COQ,Buy,11292232.32,-11292.23232,1060905050.33265,
2023-12-29 23:34:32,COQ,Buy,25060006.78,-25060.00678,973075982.39757,
2023-12-29 23:34:32,USDT,Sell,-130.26207942,0,8039.89532674424,
2023-12-29 23:34:32,USDT,Sell,-42.602011526,0,8170.15740616424,
2023-12-29 23:34:32,COQ,Buy,76624752.6,-76624.7526,1049624110.24497,
2023-12-29 23:34:32,COQ,Buy,9773884.06,-9773.88406,948041035.62435,
2023-12-29 23:34:32,USDT,Sell,-120.779071573,0,8229.37502059224,
2023-12-29 23:34:32,COQ,Buy,71046512.69,-71046.51269,938276925.44841,
2023-12-29 23:34:32,USDT,Sell,-16.615602902,0,8212.75941769024,
2023-12-29 23:34:32,USDT,Sell,-28.272681419,0,8350.15409216524,
2023-12-29 23:34:32,COQ,Buy,16630989.07,-16630.98907,867301459.2711,
2023-12-29 23:34:32,COQ,Buy,12792002.03,-12792.00203,850687101.19017,
2023-12-29 23:34:32,USDT,Sell,-21.746403451,0,8378.42677358424,
2023-12-29 23:34:32,COQ,Buy,93322530.58,-93322.53058,837907891.1622,
2023-12-29 23:34:32,USDT,Sell,-158.648301986,0,8400.17317703524,
2023-12-29 23:34:32,COQ,Buy,13037552.79,-13037.55279,744678683.11278,
2023-12-29 23:34:32,USDT,Sell,-22.163839743,0,8558.82147902124,
2023-12-29 23:34:32,COQ,Buy,7760148.79,-7760.14879,731654167.87557,
2023-12-29 23:34:32,USDT,Sell,-13.192252943,0,8580.98531876424,
2023-12-29 23:34:32,USDT,Sell,-14.567624037,0,8594.17757170724,
2023-12-29 23:34:32,COQ,Buy,8569190.61,-8569.19061,723901779.23436,
2023-12-29 23:34:32,COQ,Buy,93340073.03,-93340.07303,715341157.81497,
2023-12-29 23:34:32,USDT,Sell,-158.678124151,0,8608.74519574424,
2023-12-29 23:34:32,USDT,Sell,-60.836127682,0,8767.42331989524,
2023-12-29 23:34:32,COQ,Buy,35785957.46,-35785.95746,622094424.858,
2023-12-29 23:34:32,USDT,Sell,-774.12494363,0,8828.25944757724,
2023-12-29 23:34:32,COQ,Buy,455367613.9,-455367.6139,586344253.35546,
2023-12-29 23:34:32,COQ,Buy,6508875.74,-6508.87574,131432007.06936,
2023-12-29 23:34:32,USDT,Sell,-11.065088758,0,9602.38439120724,
2023-12-29 23:34:32,USDT,Sell,-57.63,0,9613.44947996524,
2023-12-29 23:34:32,COQ,Buy,33900000,-33900,124929640.2051,
2023-12-29 23:34:32,COQ,Buy,6508875.74,-6508.87574,91063540.2051,
2023-12-29 23:34:32,USDT,Sell,-11.065088758,0,9671.07947996524,
2023-12-29 23:34:32,COQ,Buy,6508875.74,-6508.87574,84561173.34084,
2023-12-29 23:34:32,USDT,Sell,-11.065088758,0,9682.14456872324,
2023-12-29 23:34:32,COQ,Buy,6508875.74,-6508.87574,65054072.74806,
2023-12-29 23:34:32,COQ,Buy,6508875.74,-6508.87574,71556439.61232,
2023-12-29 23:34:32,USDT,Sell,-11.065088758,0,9693.20965748124,
2023-12-29 23:34:32,USDT,Sell,-11.065088758,0,9704.27474623924,
2023-12-29 23:34:32,COQ,Buy,6508875.74,-6508.87574,78058806.47658,
2023-12-29 23:34:32,USDT,Sell,-11.065088758,0,9715.33983499724,
2023-12-29 23:34:32,COQ,Buy,6508875.74,-6508.87574,58551705.8838,
2023-12-29 23:34:32,USDT,Sell,-11.065088758,0,9726.40492375524,
2023-12-29 23:34:32,USDT,Sell,-11.065088758,0,9737.47001251324,
2023-12-29 23:34:32,COQ,Buy,6508875.74,-6508.87574,52049339.01954,
2023-12-29 23:34:32,COQ,Buy,6578976.84,-6578.97684,34141814.88912,
2023-12-29 23:34:32,USDT,Sell,-11.184260628,0,9767.94327679924,
2023-12-29 23:34:32,COQ,Buy,11416573.84,-11416.57384,45546972.15528,
2023-12-29 23:34:32,USDT,Sell,-19.408175528,0,9748.53510127124,
2023-12-29 23:34:32,COQ,Buy,3891680.82,-3891.68082,27569417.02596,
2023-12-29 23:34:32,USDT,Sell,-6.60418235154,0,9779.12753742724,
2023-12-29 23:34:32,USDT,Sell,-7.21865256039,0,9788.47157157171,
2023-12-29 23:34:32,USDT,Sell,-2.73985179293,0,9785.73171977878,
2023-12-29 23:34:32,COQ,Buy,1614526.69,-1614.52669,23681627.88678,
2023-12-29 23:34:32,COQ,Buy,4624385.4,-4624.3854,17819196.62634,
2023-12-29 23:34:32,COQ,Buy,4253772.87,-4253.77287,22068715.72347,
2023-12-29 23:34:32,USDT,Sell,-7.838333253,0,9795.6902241321,
2023-12-29 23:33:48,COQ,Buy,4470608.66,-4470.60866,13199435.61174,
2023-12-29 23:33:48,USDT,Sell,-7.5553286354,0,9803.5285573851,
2023-12-29 23:33:48,USDT,Sell,-14.774046924,0,9811.0838860205,
2023-12-29 23:33:48,COQ,Buy,8742039.6,-8742.0396,8733297.5604,
2023-12-29 23:28:20,USDT,Sell,-20.5,0,9825.8579329445,
2023-12-29 23:28:20,TET,Buy,1,-0.001,35.4645,
2023-12-29 23:28:17,TET,Buy,1,-0.001,34.4655,
2023-12-29 23:28:17,USDT,Sell,-20.5,0,9846.3579329445,
2023-12-29 23:28:08,TET,Buy,7.4,-0.0074,33.4665,
2023-12-29 23:28:08,USDT,Sell,-151.7,0,9866.8579329445,
2023-12-29 23:28:04,USDT,Sell,-12.3,0,10018.5579329445,
2023-12-29 23:28:04,TET,Buy,0.6,-0.0006,26.0739,
2023-12-29 23:27:14,TET,Buy,0.3,-0.0003,25.4745,
2023-12-29 23:27:14,USDT,Sell,-6.15,0,10030.8579329445,
2023-12-29 23:27:13,TET,Buy,3.2,-0.0032,25.1748,
2023-12-29 23:27:13,USDT,Sell,-65.6,0,10037.0079329445,
2023-12-29 23:27:13,USDT,Sell,-36.9,0,10102.6079329445,
2023-12-29 23:27:13,TET,Buy,1.8,-0.0018,21.978,
2023-12-29 23:26:25,USDT,Sell,-92.25,0,10139.5079329445,
2023-12-29 23:26:25,TET,Buy,4.5,-0.0045,20.1798,
2023-12-29 23:26:25,USDT,Sell,-6.15,0,10231.7579329445,
2023-12-29 23:26:25,TET,Buy,0.3,-0.0003,15.6843,
2023-12-29 23:26:18,USDT,Sell,-59.45,0,10237.9079329445,
2023-12-29 23:26:18,TET,Buy,2.9,-0.0029,15.3846,
2023-12-29 23:26:18,TET,Buy,0.9,-0.0009,12.4875,
2023-12-29 23:26:18,USDT,Sell,-18.45,0,10297.3579329445,
2023-12-29 23:26:18,TET,Buy,0.8,-0.0008,11.5884,
2023-12-29 23:26:18,USDT,Sell,-41,0,10332.2079329445,
2023-12-29 23:26:18,TET,Buy,2,-0.002,10.7892,
2023-12-29 23:26:18,USDT,Sell,-16.4,0,10315.8079329445,
2023-12-29 23:26:18,USDT,Sell,-26.65,0,10373.2079329445,
2023-12-29 23:26:18,TET,Buy,1.3,-0.0013,8.7912,
2023-12-29 23:26:18,TET,Buy,0.7,-0.0007,7.4925,
2023-12-29 23:26:18,USDT,Sell,-14.35,0,10399.8579329445,
2023-12-29 23:26:17,USDT,Sell,-41,0,10414.2079329445,
2023-12-29 23:26:17,TET,Buy,2,-0.002,6.7932,
2023-12-29 23:26:17,USDT,Sell,-10.25,0,10455.2079329445,
2023-12-29 23:26:17,TET,Buy,0.5,-0.0005,4.7952,
2023-12-29 23:26:03,TET,Buy,1.8,-0.0018,4.2957,
2023-12-29 23:26:03,USDT,Sell,-36.9,0,10465.4579329445,
2023-12-29 23:26:01,TET,Buy,0.4,-0.0004,2.4975,
2023-12-29 23:26:01,USDT,Sell,-8.2,0,10502.3579329445,
2023-12-29 23:25:44,TET,Buy,0.6,-0.0006,2.0979,
2023-12-29 23:25:44,USDT,Sell,-12.3,0,10510.5579329445,
2023-12-29 23:25:44,TET,Buy,0.6,-0.0006,1.4985,
2023-12-29 23:25:44,USDT,Sell,-12.3,0,10522.8579329445,
2023-12-29 23:25:43,USDT,Sell,-8.18132,0,10535.1579329445,
2023-12-29 23:25:43,TET,Buy,0.4,-0.0004,0.8991,
2023-12-29 23:25:17,TET,Buy,0.5,-0.0005,0.4995,
2023-12-29 23:25:17,USDT,Sell,-10.2,0,10543.3392529445,
2023-12-29 23:09:43,MYRIA,Buy,28768.91,-28.76891,137734.83729,
2023-12-29 23:09:43,USDT,Sell,-673.6646112,0,10553.5392529445,
2023-12-29 23:09:43,USDT,Sell,-279.95026321,0,11227.2038641445,
2023-12-29 23:09:43,MYRIA,Buy,69221.6,-69.2216,206887.21569,
2023-12-29 23:09:21,MYRIA,Buy,18000,-18,108994.6962,
2023-12-29 23:09:21,USDT,Sell,-175.14,0,11507.1541273545,
2023-12-29 23:09:21,USDT,Sell,-175.2373,0,11682.2941273545,
2023-12-29 23:09:21,MYRIA,Buy,18010,-18.01,91012.6962,
2023-12-29 23:09:09,USDT,Sell,-11.9679,0,11857.5314273545,
2023-12-29 23:09:09,MYRIA,Buy,1230,-1.23,73020.7062,
2023-12-29 23:09:09,USDT,Sell,-11.9679,0,11869.4993273545,
2023-12-29 23:09:09,MYRIA,Buy,1230,-1.23,71791.9362,
2023-12-29 23:09:04,MYRIA,Buy,486.53,-0.48653,2482.57494,
2023-12-29 23:09:04,USDT,Sell,-219.1533016,0,12324.7465957045,
2023-12-29 23:09:04,MYRIA,Buy,8727.71,-8.72771,70563.1662,
2023-12-29 23:09:04,MYRIA,Buy,1132.9,-1.1329,1996.53147,
2023-12-29 23:09:04,MYRIA,Buy,22558.24,-22.55824,25018.2567,
2023-12-29 23:09:04,MYRIA,Buy,21487.22,-21.48722,46483.98948,
2023-12-29 23:09:04,MYRIA,Buy,15375.57,-15.37557,61844.18391,
2023-12-29 23:09:04,USDT,Sell,-8.40699856,0,12559.6294208945,
2023-12-29 23:09:04,USDT,Sell,-84.9206183,0,11881.4672273545,
2023-12-29 23:09:04,USDT,Sell,-149.58892053,0,11966.3878456545,
2023-12-29 23:09:04,USDT,Sell,-208.76982952,0,12115.9767661845,
2023-12-29 23:09:04,USDT,Sell,-4.72566589,0,12543.8998973045,
2023-12-29 23:09:04,MYRIA,Buy,865.63,-0.86563,864.76437,
2023-12-29 23:09:04,USDT,Sell,-11.0038577,0,12548.6255631945,
2023-12-29 23:02:36,BTC,Sell,-0.1888,0,0.00002,
2023-12-29 23:02:36,USDT,Buy,7891.517152,-3.945758576,12568.0364194545,
2023-12-29 23:02:35,BTC,Sell,-0.1,0,0.19952,
2023-12-29 23:02:35,USDT,Buy,447.24181,-0.223620905,4680.4650260305,
2023-12-29 23:02:35,BTC,Sell,-0.0107,0,0.18882,
2023-12-29 23:02:35,USDT,Buy,4179.855,-2.0899275,4233.4468369355,
2023-12-29 19:25:01,BTC,Deposit,0.29952,0,0.29952,
2023-12-28 14:59:36,BTC,Ordinary Withdrawal,-0.71735,-0.00085,0,
2023-12-28 02:56:47,USDT,Sell,-9.28404,0,55.6817644355,
2023-12-28 02:56:47,ALU,Buy,136.53,-0.13653,58251.04065,
2023-12-28 02:47:02,USDT,Sell,-102.86156,0,64.9658044355,
2023-12-28 02:47:02,ALU,Buy,1512.67,-1.51267,58114.64718,
2023-12-28 02:44:32,USDT,Sell,-100.51624,0,167.8273644355,
2023-12-28 02:44:32,ALU,Buy,1478.18,-1.47818,56603.48985,
2023-12-28 02:41:02,ALU,Buy,1648.79,-1.64879,55126.78803,
2023-12-28 02:41:02,USDT,Sell,-112.11772,0,268.3436044355,
2023-12-28 02:38:02,USDT,Sell,-101.48728,0,380.4613244355,
2023-12-28 02:38:02,ALU,Buy,1492.46,-1.49246,53479.64682,
2023-12-28 02:35:02,USDT,Sell,-122.66248,0,481.9486044355,
2023-12-28 02:35:02,ALU,Buy,1803.86,-1.80386,51988.67928,
2023-12-28 02:32:02,USDT,Sell,-97.85472,0,604.6110844355,
2023-12-28 02:32:02,ALU,Buy,1439.04,-1.43904,50186.62314,
2023-12-28 02:29:02,USDT,Sell,-97.6582,0,702.4658044355,
2023-12-28 02:29:02,ALU,Buy,1436.15,-1.43615,48749.02218,
2023-12-28 02:28:42,KAS,Buy,160,-0.16,1570.428,
2023-12-28 02:28:42,USDT,Sell,-52.321942,0,2834.0159884355,
2023-12-28 02:28:42,KAS,Buy,5141,-5.141,7014.978,
2023-12-28 02:28:42,USDT,Sell,-21.941678,0,4698.2844354355,
2023-12-28 02:28:42,KAS,Buy,267,-0.267,7281.711,
2023-12-28 02:28:42,USDT,Sell,-126.082976,0,4761.5464704355,
2023-12-28 02:28:42,USDT,Sell,-18.647125,0,2886.3379304355,
2023-12-28 02:28:42,KAS,Buy,211,-0.211,7492.5,
2023-12-28 02:28:42,USDT,Sell,-17.04032,0,4720.2261134355,
2023-12-28 02:28:42,USDT,Sell,-28.440306,0,4111.2795724355,
2023-12-28 02:28:42,KAS,Buy,1184,-1.184,1182.816,
2023-12-28 02:28:42,KAS,Buy,486,-0.486,30370.599,
2023-12-28 02:28:42,USDT,Sell,-1150.579455,0,2904.9850554355,
2023-12-28 02:28:42,USDT,Sell,-9.477788,0,4737.2664334355,
2023-12-28 02:28:42,KAS,Buy,89,-0.089,1410.588,
2023-12-28 02:28:42,USDT,Sell,-14.802249,0,4746.7442214355,
2023-12-28 02:28:42,KAS,Buy,104,-0.104,7596.396,
2023-12-28 02:28:42,USDT,Sell,-10.970942,0,4687.3134934355,
2023-12-28 02:28:42,KAS,Buy,3709,-3.709,29885.085,
2023-12-28 02:28:42,USDT,Sell,-738.388885,0,2095.6271034355,
2023-12-28 02:28:42,USDT,Sell,-11.0786,0,4077.7248304355,
2023-12-28 02:28:42,KAS,Buy,491,-0.491,19257.723,
2023-12-28 02:28:42,USDT,Sell,-22.476142,0,4088.8034304355,
2023-12-28 02:28:42,KAS,Buy,206,-0.206,1776.222,
2023-12-28 02:28:42,KAS,Buy,139,-0.139,1321.677,
2023-12-28 02:28:42,USDT,Sell,-395.286675,0,1700.3404284355,
2023-12-28 02:28:42,KAS,Buy,10799,-10.799,18592.389,
2023-12-28 02:28:42,KAS,Buy,103,-0.103,1879.119,
2023-12-28 02:28:42,USDT,Sell,-848.4166,0,800.1240044355,
2023-12-28 02:28:42,KAS,Buy,6929,-6.929,26179.794,
2023-12-28 02:28:42,USDT,Sell,-547.593615,0,4139.7198784355,
2023-12-28 02:28:42,KAS,Buy,7960,-7.96,38322.639,
2023-12-28 02:28:42,USDT,Sell,-22.16032,0,4055.5645104355,
2023-12-28 02:28:42,KAS,Buy,175,-0.175,18767.214,
2023-12-28 02:28:42,USDT,Sell,-51.799824,0,1648.5406044355,
2023-12-28 02:28:42,KAS,Buy,208,-0.208,7804.188,
2023-12-28 02:27:17,USDT,Buy,3986.849214,-1.993424607,4887.6294464355,
2023-12-28 02:27:17,BTC,Sell,-0.0918,0,0.7182,
2023-12-28 02:27:17,BTC,Sell,-0.0006,0,0.81,
2023-12-28 02:27:17,USDT,Buy,26.057838,-0.013028919,902.7736570425,
2023-12-28 02:26:25,USDT,Sell,-71.33812,0,876.7288479615,
2023-12-28 02:26:25,ALU,Buy,1049.09,-1.04909,47314.30833,
2023-12-28 02:25:32,USDT,Sell,-132.12876,0,948.0669679615,
2023-12-28 02:25:32,ALU,Buy,1943.07,-1.94307,46266.26742,
2023-12-28 02:25:13,USDT,Sell,-2056.12416,0,1080.1957279615,
2023-12-28 02:25:13,ALU,Buy,30237.12,-30.23712,44325.14049,
2023-12-28 02:22:32,ALU,Buy,1431.06,-1.43106,14118.25761,
2023-12-28 02:22:32,USDT,Sell,-97.31208,0,3136.3198879615,
2023-12-28 02:14:26,ALU,Buy,2102.4,-2.1024,12688.62867,
2023-12-28 02:14:26,USDT,Sell,-142.9632,0,3233.6319679615,
2023-12-28 02:14:21,ALU,Buy,2102.4,-2.1024,10588.33107,
2023-12-28 02:14:21,USDT,Sell,-142.9632,0,3376.5951679615,
2023-12-28 02:14:17,ALU,Buy,2102.4,-2.1024,8488.03347,
2023-12-28 02:14:17,USDT,Sell,-142.9632,0,3519.5583679615,
2023-12-28 02:14:12,USDT,Sell,-142.9632,0,3662.5215679615,
2023-12-28 02:14:12,ALU,Buy,2102.4,-2.1024,6387.73587,
2023-12-28 02:14:08,USDT,Sell,-142.9632,0,3805.4847679615,
2023-12-28 02:14:08,ALU,Buy,2102.4,-2.1024,4287.43827,
2023-12-28 02:13:32,USDT,Sell,-111.75392,0,3948.4479679615,
2023-12-28 02:13:32,ALU,Buy,1643.44,-1.64344,2187.14067,
2023-12-28 02:12:34,USDT,Sell,-8.183142,0,4060.2018879615,
2023-12-28 02:12:34,ALU,Buy,122.1,-0.1221,545.34411,
2023-12-28 02:11:52,ALU,Buy,89.11,-0.08911,423.36621,
2023-12-28 02:11:52,USDT,Sell,-5.97037,0,4068.3850299615,
2023-12-28 02:11:27,ALU,Buy,75.95,-0.07595,334.34532,
2023-12-28 02:11:27,USDT,Sell,-5.08865,0,4074.3553999615,
2023-12-28 02:10:08,USDT,Sell,-8.98537,0,4079.4440499615,
2023-12-28 02:10:08,ALU,Buy,134.11,-0.13411,258.47127,
2023-12-28 02:09:23,USDT,Sell,-8.2386282,0,4088.4294199615,
2023-12-28 02:09:23,ALU,Buy,124.62,-0.12462,124.49538,
2023-12-28 02:08:40,USDT,Buy,836.436331,-0.4182181655,839.2295981535,
2023-12-28 02:08:40,BTC,Sell,-0.0193,0,0.8858,
2023-12-28 02:08:40,USDT,Buy,3259.067984,-1.629533992,4096.6680481615,
2023-12-28 02:08:40,BTC,Sell,-0.0752,0,0.8106,
2023-12-28 01:54:17,USDT,Sell,-44.07381,0,3.211485319,
2023-12-28 01:54:17,BEAM,Buy,2225.95,-2.22595,208470.17115,
2023-12-28 01:54:16,USDT,Sell,-143.6886,0,47.285295319,
2023-12-28 01:54:16,BEAM,Buy,7257,-7.257,206246.4471,
2023-12-28 01:54:16,BEAM,Buy,11252,-11.252,198996.7041,
2023-12-28 01:54:16,USDT,Sell,-222.7896,0,190.973895319,
2023-12-28 01:54:16,USDT,Sell,-29.8584,0,413.763495319,
2023-12-28 01:54:16,BEAM,Buy,1508,-1.508,187755.9561,
2023-12-28 01:54:16,BEAM,Buy,2500,-2.5,186249.4641,
2023-12-28 01:54:16,USDT,Sell,-49.5,0,443.621895319,
2023-12-28 01:54:16,USDT,Sell,-100.207404,0,493.121895319,
2023-12-28 01:54:16,BEAM,Buy,5060.98,-5.06098,183751.9641,
2023-12-28 01:54:16,BEAM,Buy,1588,-1.588,178696.04508,
2023-12-28 01:54:16,USDT,Sell,-31.4424,0,593.329299319,
2023-12-28 01:54:16,USDT,Sell,-187.151382,0,624.771699319,
2023-12-28 01:54:16,BEAM,Buy,9452.09,-9.45209,177109.63308,
2023-12-28 01:54:16,BEAM,Buy,87.54,-0.08754,5571.58284,
2023-12-28 01:54:16,BEAM,Buy,638.41,-0.63841,151082.80596,
2023-12-28 01:54:16,USDT,Sell,-14.5512248,0,4024.155488969,
2023-12-28 01:54:16,USDT,Sell,-20.25641618,0,2554.769246419,
2023-12-28 01:54:16,BEAM,Buy,1209.34,-1.20934,23698.32795,
2023-12-28 01:54:16,USDT,Sell,-70.49561868,0,4049.122736959,
2023-12-28 01:54:16,USDT,Sell,-5.20827351,0,4124.826037879,
2023-12-28 01:54:16,BEAM,Buy,7193.99,-7.19399,30885.12396,
2023-12-28 01:54:16,USDT,Sell,-5.20814252,0,3915.054315879,
2023-12-28 01:54:16,BEAM,Buy,1701.58,-1.70158,152782.68438,
2023-12-28 01:54:16,USDT,Sell,-33.6827761,0,1106.893014939,
2023-12-28 01:54:16,USDT,Sell,-43.2732288,0,1170.978279519,
2023-12-28 01:54:16,BEAM,Buy,457.2,-0.4572,31341.86676,
2023-12-28 01:54:16,USDT,Sell,-17.76580094,0,1153.212478579,
2023-12-28 01:54:16,BEAM,Buy,2186.4,-2.1864,149548.35195,
2023-12-28 01:54:16,BEAM,Buy,38328,-38.328,147364.13835,
2023-12-28 01:54:16,BEAM,Buy,29407.19,-29.40719,109074.46635,
2023-12-28 01:54:16,BEAM,Buy,263.41,-0.26341,10997.25174,
2023-12-28 01:54:16,BEAM,Buy,263.52,-0.26352,659.01033,
2023-12-28 01:54:16,BEAM,Buy,1023.62,-1.02362,79696.68354,
2023-12-28 01:54:16,BEAM,Buy,2778.99,-2.77899,8347.79385,
2023-12-28 01:54:16,BEAM,Buy,3566.87,-3.56687,4222.31346,
2023-12-28 01:54:16,USDT,Sell,-0.88698078,0,4130.034311389,
2023-12-28 01:54:16,BEAM,Buy,4688.44,-4.68844,162087.77997,
2023-12-28 01:54:16,USDT,Sell,-142.26834624,0,3521.385862519,
2023-12-28 01:54:16,BEAM,Buy,3585.68,-3.58568,14579.34606,
2023-12-28 01:54:16,BEAM,Buy,3729.62,-3.72962,167666.99517,
2023-12-28 01:54:16,USDT,Sell,-92.81704668,0,922.500266139,
2023-12-28 01:54:16,USDT,Sell,-54.93785331,0,3967.487057399,
2023-12-28 01:54:16,BEAM,Buy,736.1,-0.7361,5484.13038,
2023-12-28 01:54:16,USDT,Sell,-9.2115003,0,2606.987240199,
2023-12-28 01:54:16,BEAM,Buy,463.21,-0.46321,76595.38794,
2023-12-28 01:54:16,USDT,Sell,-73.846476,0,811.923081319,
2023-12-28 01:54:16,USDT,Sell,-581.9682901,0,1972.800956319,
2023-12-28 01:54:16,USDT,Sell,-156.58575798,0,3687.568907259,
2023-12-28 01:54:16,USDT,Sell,-70.89965064,0,3844.154665239,
2023-12-28 01:54:16,USDT,Sell,-36.73070882,0,885.769557319,
2023-12-28 01:54:16,USDT,Sell,-5.20814334,0,4038.706713769,
2023-12-28 01:54:16,BEAM,Buy,1855.18,-1.85518,163941.10479,
2023-12-28 01:54:16,USDT,Sell,-91.57570212,0,1015.317312819,
2023-12-28 01:54:16,USDT,Sell,-12.63668754,0,1140.575791039,
2023-12-28 01:54:16,BEAM,Buy,458.41,-0.45841,31799.81835,
2023-12-28 01:54:16,BEAM,Buy,4625.97,-4.62597,157404.02841,
2023-12-28 01:54:16,USDT,Sell,-9.16414664,0,2616.198740499,
2023-12-28 01:54:16,USDT,Sell,-23.9146985,0,3663.654208759,
2023-12-28 01:54:16,USDT,Sell,-758.549448,0,1214.251508319,
2023-12-28 01:54:16,USDT,Sell,-857.66387314,0,2625.362887139,
2023-12-28 01:54:16,USDT,Sell,-9.0425016,0,3512.343360919,
2023-12-28 01:54:16,BEAM,Buy,263.67,-0.26367,395.75385,
2023-12-28 01:54:16,USDT,Sell,-20.24925084,0,3483.026760279,
2023-12-28 01:54:16,BEAM,Buy,44.94,-0.04494,132.34752,
2023-12-28 01:54:16,BEAM,Buy,263.49,-0.26349,4485.53997,
2023-12-28 01:54:16,USDT,Sell,-31.9615776,0,2575.025662599,
2023-12-28 01:54:16,BEAM,Buy,465.58,-0.46558,77060.50236,
2023-12-28 01:54:16,USDT,Sell,-9.0673498,0,3503.276011119,
2023-12-28 01:54:16,BEAM,Buy,2388.7,-2.3887,10734.10515,
2023-12-28 01:54:16,USDT,Sell,-1.73057826,0,4022.424910709,
2023-12-28 01:54:16,BEAM,Buy,897.58,-0.89758,150445.03437,
2023-12-28 01:54:16,BEAM,Buy,7918.77,-7.91877,22490.19729,
2023-12-28 01:54:16,USDT,Sell,-47.224599,0,3920.262458399,
2023-12-28 01:54:16,BEAM,Buy,1615.2,-1.6152,78674.08716,
2023-12-28 01:54:16,BEAM,Buy,263.49,-0.26349,4748.76648,
2023-12-28 01:54:16,USDT,Sell,-5.20787985,0,4043.914857109,
2023-12-28 01:54:16,USDT,Sell,-5.20768224,0,4119.618355639,
2023-12-28 01:54:16,BEAM,Buy,43353.58,-43.35358,76132.64115,
2023-12-28 01:54:16,BEAM,Buy,1023.62,-1.02362,32822.41473,
2023-12-28 01:53:05,BEAM,Buy,87.54,-0.08754,87.45246,
2023-12-28 01:53:05,USDT,Sell,-1.72217442,0,4130.921292169,
2023-12-28 01:43:35,USDT,Buy,296.269608,-0.148134804,4132.643466589,
2023-12-28 01:43:35,BTC,Sell,-0.0121,0,0.9242,
2023-12-28 01:43:35,BTC,Sell,-0.0132,0,0.9494,
2023-12-28 01:43:35,USDT,Buy,609.96824,-0.30498412,1628.67255635,
2023-12-28 01:43:35,BTC,Sell,-0.0123,0,0.9119,
2023-12-28 01:43:35,USDT,Buy,535.899684,-0.267949842,3836.521993393,
2023-12-28 01:43:35,USDT,Buy,575.112648,-0.287556324,2203.497648026,
2023-12-28 01:43:35,BTC,Sell,-0.011,0,0.9766,
2023-12-28 01:43:35,BTC,Sell,-0.0131,0,0.9363,
2023-12-28 01:43:35,BTC,Sell,-0.0124,0,0.9876,
2023-12-28 01:43:35,USDT,Buy,540.25808,-0.27012904,539.98795096,
2023-12-28 01:43:35,USDT,Buy,479.26098,-0.23963049,1019.00930047,
2023-12-28 01:43:35,BTC,Sell,-0.0068,0,0.9051,
2023-12-28 01:43:35,USDT,Buy,527.18611,-0.263593055,3300.890259235,
2023-12-28 01:43:35,BTC,Sell,-0.014,0,0.9626,
2023-12-28 01:43:35,USDT,Buy,570.755472,-0.285377736,2773.96774229,
2023-12-28 01:25:01,BTC,Deposit,1,0,1,
