"Date(UTC)","Pair","Side","Price","Executed","Amount","Fee"
"2020-12-30 02:01:29","BTCGBP","BUY","20430.0000000000","0.1500000000BTC","3064.50000000GBP","0.0000000000BTC"
"2020-12-30 02:01:29","BTCGBP","BUY","20430.0000000000","0.0000030000BTC","0.06129000GBP","0.0000000000BTC"
"2020-12-30 02:01:28","BTCGBP","BUY","20430.0000000000","0.6348900000BTC","12970.80270000GBP","0.0000000000BTC"
"2020-12-30 02:01:28","BTCGBP","BUY","20430.0000000000","0.1500000000BTC","3064.50000000GBP","0.0000000000BTC"
"2020-12-30 02:01:28","BTCGBP","BUY","20430.0000000000","0.1000000000BTC","2043.00000000GBP","0.0000000000BTC"
"2020-12-30 02:01:28","BTCGBP","BUY","20430.0000000000","0.6066700000BTC","12394.26810000GBP","0.0000000000BTC"
"2020-12-30 00:57:56","BTCGBP","SELL","20450.0000000000","0.0259480000BTC","530.63660000GBP","0.0000000000GBP"
"2020-12-30 00:57:56","BTCGBP","SELL","20450.0000000000","0.0000020000BTC","0.04090000GBP","0.0000000000GBP"
"2020-12-30 00:57:56","BTCGBP","SELL","20450.0000000000","0.0036350000BTC","74.33575000GBP","0.0000000000GBP"
"2020-12-30 00:57:56","BTCGBP","SELL","20450.0000000000","0.0012850000BTC","26.27825000GBP","0.0000000000GBP"
"2020-12-30 00:57:56","BTCGBP","SELL","20450.0000000000","0.1095060000BTC","2239.39770000GBP","0.0000000000GBP"
"2020-12-30 00:57:55","BTCGBP","SELL","20450.0000000000","0.0500000000BTC","1022.50000000GBP","0.0000000000GBP"
"2020-12-30 00:57:55","BTCGBP","SELL","20450.0000000000","0.0500000000BTC","1022.50000000GBP","0.0000000000GBP"
"2020-12-30 00:57:55","BTCGBP","SELL","20450.0000000000","0.0905000000BTC","1850.72500000GBP","0.0000000000GBP"
"2020-12-30 00:57:55","BTCGBP","SELL","20450.0000000000","0.0197800000BTC","404.50100000GBP","0.0000000000GBP"
"2020-12-30 00:57:55","BTCGBP","SELL","20450.0000000000","0.1000000000BTC","2045.00000000GBP","0.0000000000GBP"
"2020-12-30 00:57:52","BTCGBP","SELL","20450.0000000000","0.4612710000BTC","9432.99195000GBP","0.0000000000GBP"
"2020-12-30 00:57:52","BTCGBP","SELL","20450.0000000000","0.1403720000BTC","2870.60740000GBP","0.0000000000GBP"
"2020-12-30 00:57:51","BTCGBP","SELL","20450.0000000000","0.0026000000BTC","53.17000000GBP","0.0000000000GBP"
"2020-12-30 00:57:51","BTCGBP","SELL","20450.0000000000","0.5204440000BTC","10643.07980000GBP","0.0000000000GBP"
"2020-12-30 00:57:51","BTCGBP","SELL","20450.0000000000","0.0026000000BTC","53.17000000GBP","0.0000000000GBP"
"2020-12-30 00:57:51","BTCGBP","SELL","20450.0000000000","0.0026000000BTC","53.17000000GBP","0.0000000000GBP"
"2020-12-30 00:57:51","BTCGBP","SELL","20450.0000000000","0.0026000000BTC","53.17000000GBP","0.0000000000GBP"
"2020-12-30 00:57:51","BTCGBP","SELL","20450.0000000000","0.0026000000BTC","53.17000000GBP","0.0000000000GBP"
"2020-12-30 00:57:51","BTCGBP","SELL","20450.0000000000","0.0026000000BTC","53.17000000GBP","0.0000000000GBP"
"2020-12-30 00:57:51","BTCGBP","SELL","20450.0000000000","0.0026000000BTC","53.17000000GBP","0.0000000000GBP"
"2020-12-30 00:57:51","BTCGBP","SELL","20450.0000000000","0.0026000000BTC","53.17000000GBP","0.0000000000GBP"
"2020-12-30 00:57:51","BTCGBP","SELL","20450.0000000000","0.0022180000BTC","45.35810000GBP","0.0000000000GBP"
"2020-12-30 00:57:50","BTCGBP","SELL","20450.0000000000","0.0110820000BTC","226.62690000GBP","0.0000000000GBP"
"2020-12-30 00:57:50","BTCGBP","SELL","20450.0000000000","0.0050710000BTC","103.70195000GBP","0.0000000000GBP"
"2020-12-30 00:57:50","BTCGBP","SELL","20457.6300000000","0.0035080000BTC","71.76536604GBP","0.0717653700GBP"
"2020-12-30 00:57:50","BTCGBP","SELL","20450.0000000000","0.0026000000BTC","53.17000000GBP","0.0000000000GBP"
"2020-12-30 00:57:50","BTCGBP","SELL","20450.0000000000","0.0026000000BTC","53.17000000GBP","0.0000000000GBP"
"2020-12-30 00:57:50","BTCGBP","SELL","20450.0000000000","0.0026000000BTC","53.17000000GBP","0.0000000000GBP"
"2020-12-30 00:57:50","BTCGBP","SELL","20450.0000000000","0.0026000000BTC","53.17000000GBP","0.0000000000GBP"
"2020-12-30 00:57:50","BTCGBP","SELL","20450.0000000000","0.0015690000BTC","32.08605000GBP","0.0000000000GBP"
"2020-12-30 00:57:50","BTCGBP","SELL","20450.0000000000","0.0026000000BTC","53.17000000GBP","0.0000000000GBP"
"2020-12-30 00:57:50","BTCGBP","SELL","20450.0000000000","0.0026000000BTC","53.17000000GBP","0.0000000000GBP"
"2020-12-30 00:57:50","BTCGBP","SELL","20450.0000000000","0.0039720000BTC","81.22740000GBP","0.0000000000GBP"
"2020-12-30 00:57:50","BTCGBP","SELL","20450.0000000000","0.0026000000BTC","53.17000000GBP","0.0000000000GBP"
"2020-12-29 23:37:49","BTCGBP","BUY","20228.6200000000","0.1131510000BTC","2288.88858162GBP","0.0001131500BTC"
"2020-12-29 23:37:49","BTCGBP","BUY","20234.2500000000","0.4747990000BTC","9607.20166575GBP","0.0004748000BTC"
"2020-12-29 23:37:49","BTCGBP","BUY","20225.7900000000","0.0551160000BTC","1114.76464164GBP","0.0000551200BTC"
"2020-12-29 23:37:49","BTCGBP","BUY","20225.7700000000","0.0475990000BTC","962.72642623GBP","0.0000476000BTC"
"2020-12-29 23:37:49","BTCGBP","BUY","20234.2400000000","0.0124290000BTC","251.49136896GBP","0.0000124300BTC"
"2020-12-29 23:37:49","BTCGBP","BUY","20222.8300000000","0.0094270000BTC","190.64061841GBP","0.0000094300BTC"
"2020-12-29 23:37:49","BTCGBP","BUY","20222.5700000000","0.0156080000BTC","315.63387256GBP","0.0000156100BTC"
"2020-12-29 23:37:49","BTCGBP","BUY","20228.6300000000","0.5388100000BTC","10899.38813030GBP","0.0005388100BTC"
"2020-12-29 23:37:49","BTCGBP","BUY","20225.4300000000","0.0020200000BTC","40.85536860GBP","0.0000020200BTC"
"2020-12-29 23:37:49","BTCGBP","BUY","20226.9000000000","0.1837310000BTC","3716.30856390GBP","0.0001837300BTC"
"2020-12-29 23:37:49","BTCGBP","BUY","20234.2400000000","0.0950370000BTC","1923.00146688GBP","0.0000950400BTC"
"2020-12-29 23:37:49","BTCGBP","BUY","20233.5600000000","0.0061760000BTC","124.96246656GBP","0.0000061800BTC"
"2020-12-29 23:37:49","BTCGBP","BUY","20226.8900000000","0.0385830000BTC","780.41409687GBP","0.0000385800BTC"
"2020-12-29 23:37:49","BTCGBP","BUY","20226.3900000000","0.0367420000BTC","743.15802138GBP","0.0000367400BTC"
"2020-12-29 23:37:49","BTCGBP","BUY","20225.7800000000","0.0115760000BTC","234.13362928GBP","0.0000115800BTC"
"2020-12-29 20:23:57","BTCGBP","SELL","19960.0000000000","0.0000070000BTC","0.13972000GBP","0.0000000000GBP"
"2020-12-29 20:23:49","BTCGBP","SELL","19960.0000000000","0.1000000000BTC","1996.00000000GBP","0.0000000000GBP"
"2020-12-29 20:23:49","BTCGBP","SELL","19960.0000000000","0.0897300000BTC","1791.01080000GBP","0.0000000000GBP"
"2020-12-29 20:23:49","BTCGBP","SELL","19960.0000000000","0.0500000000BTC","998.00000000GBP","0.0000000000GBP"
"2020-12-29 20:23:49","BTCGBP","SELL","19960.0000000000","0.1188600000BTC","2372.44560000GBP","0.0000000000GBP"
"2020-12-29 20:23:49","BTCGBP","SELL","19960.0000000000","0.0457700000BTC","913.56920000GBP","0.0000000000GBP"
"2020-12-29 20:23:29","BTCGBP","SELL","19960.0000000000","0.0016320000BTC","32.57472000GBP","0.0000000000GBP"
"2020-12-29 20:23:26","BTCGBP","SELL","19960.0000000000","0.0016330000BTC","32.59468000GBP","0.0000000000GBP"
"2020-12-29 20:23:15","BTCGBP","SELL","19960.0000000000","0.0018520000BTC","36.96592000GBP","0.0000000000GBP"
"2020-12-29 20:14:20","BTCGBP","SELL","19945.0000000000","0.0225590000BTC","449.93925500GBP","0.0000000000GBP"
"2020-12-29 20:14:18","BTCGBP","SELL","19945.0000000000","0.0059310000BTC","118.29379500GBP","0.0000000000GBP"
"2020-12-29 20:14:14","BTCGBP","SELL","19945.0000000000","0.0101460000BTC","202.36197000GBP","0.0000000000GBP"
"2020-12-29 20:14:13","BTCGBP","SELL","19945.0000000000","0.0224330000BTC","447.42618500GBP","0.0000000000GBP"
"2020-12-29 20:14:12","BTCGBP","SELL","19945.0000000000","0.0184810000BTC","368.60354500GBP","0.0000000000GBP"
"2020-12-29 20:14:11","BTCGBP","SELL","19945.0000000000","0.0999990000BTC","1994.48005500GBP","0.0000000000GBP"
"2020-12-29 20:14:11","BTCGBP","SELL","19945.0000000000","0.0009900000BTC","19.74555000GBP","0.0000000000GBP"
"2020-12-29 20:14:11","BTCGBP","SELL","19945.0000000000","0.1500000000BTC","2991.75000000GBP","0.0000000000GBP"
"2020-12-29 20:14:11","BTCGBP","SELL","19945.0000000000","0.0513300000BTC","1023.77685000GBP","0.0000000000GBP"
"2020-12-29 20:14:07","BTCGBP","SELL","19947.5200000000","0.0037150000BTC","74.10503680GBP","0.0741050400GBP"
"2020-12-29 20:12:39","BTCGBP","SELL","19965.0000000000","0.0030070000BTC","60.03475500GBP","0.0000000000GBP"
"2020-12-29 20:12:38","BTCGBP","SELL","19965.0000000000","0.0073280000BTC","146.30352000GBP","0.0000000000GBP"
"2020-12-29 20:12:36","BTCGBP","SELL","19965.0000000000","0.0006540000BTC","13.05711000GBP","0.0000000000GBP"
"2020-12-29 20:12:01","BTCGBP","SELL","19965.0000000000","0.0163330000BTC","326.08834500GBP","0.0000000000GBP"
"2020-12-29 20:12:00","BTCGBP","SELL","19965.0000000000","0.0163330000BTC","326.08834500GBP","0.0000000000GBP"
"2020-12-29 20:11:58","BTCGBP","SELL","19965.0000000000","0.0114850000BTC","229.29802500GBP","0.0000000000GBP"
"2020-12-29 20:11:55","BTCGBP","SELL","19965.0000000000","0.0016650000BTC","33.24172500GBP","0.0000000000GBP"
"2020-12-29 20:11:55","BTCGBP","SELL","19965.0000000000","0.0016650000BTC","33.24172500GBP","0.0000000000GBP"
"2020-12-29 20:11:55","BTCGBP","SELL","19965.0000000000","0.0016650000BTC","33.24172500GBP","0.0000000000GBP"
"2020-12-29 20:11:54","BTCGBP","SELL","19965.0000000000","0.0006660000BTC","13.29669000GBP","0.0000000000GBP"
"2020-12-29 20:11:54","BTCGBP","SELL","19965.0000000000","0.0006660000BTC","13.29669000GBP","0.0000000000GBP"
"2020-12-29 20:11:54","BTCGBP","SELL","19965.0000000000","0.0006660000BTC","13.29669000GBP","0.0000000000GBP"
"2020-12-29 20:11:54","BTCGBP","SELL","19967.1400000000","0.0039490000BTC","78.85023586GBP","0.0788502400GBP"
"2020-12-29 20:11:54","BTCGBP","SELL","19965.6700000000","0.0374850000BTC","748.41313995GBP","0.7484131400GBP"
"2020-12-29 20:10:11","BTCGBP","SELL","19965.0000000000","0.0016110000BTC","32.16361500GBP","0.0000000000GBP"
"2020-12-29 20:10:11","BTCGBP","SELL","19965.0000000000","0.0016080000BTC","32.10372000GBP","0.0000000000GBP"
"2020-12-29 20:10:11","BTCGBP","SELL","19965.0000000000","0.0040140000BTC","80.13951000GBP","0.0000000000GBP"
"2020-12-29 20:10:11","BTCGBP","SELL","19965.0000000000","0.0016120000BTC","32.18358000GBP","0.0000000000GBP"
"2020-12-29 20:10:11","BTCGBP","SELL","19965.0000000000","0.0048170000BTC","96.17140500GBP","0.0000000000GBP"
"2020-12-29 20:10:10","BTCGBP","SELL","19965.0000000000","0.0016060000BTC","32.06379000GBP","0.0000000000GBP"
"2020-12-29 20:10:05","BTCGBP","SELL","19965.0000000000","0.0980290000BTC","1957.14898500GBP","0.0000000000GBP"
"2020-12-29 20:10:04","BTCGBP","SELL","19965.0000000000","0.0091950000BTC","183.57817500GBP","0.0000000000GBP"
"2020-12-29 20:10:04","BTCGBP","SELL","19965.0000000000","0.0207000000BTC","413.27550000GBP","0.0000000000GBP"
"2020-12-29 20:10:02","BTCGBP","SELL","19965.0000000000","0.0500000000BTC","998.25000000GBP","0.0000000000GBP"
"2020-12-29 20:10:02","BTCGBP","SELL","19965.0000000000","0.0500000000BTC","998.25000000GBP","0.0000000000GBP"
"2020-12-29 20:10:02","BTCGBP","SELL","19965.0000000000","0.0500000000BTC","998.25000000GBP","0.0000000000GBP"
"2020-12-29 20:10:02","BTCGBP","SELL","19965.0000000000","0.0500000000BTC","998.25000000GBP","0.0000000000GBP"
"2020-12-29 20:10:01","BTCGBP","SELL","19965.0000000000","0.3577400000BTC","7142.27910000GBP","0.0000000000GBP"
"2020-12-29 20:10:00","BTCGBP","SELL","19965.0000000000","0.0015060000BTC","30.06729000GBP","0.0000000000GBP"
"2020-12-29 20:09:59","BTCGBP","SELL","19965.0000000000","0.0073630000BTC","147.00229500GBP","0.0000000000GBP"
"2020-12-29 20:09:57","BTCGBP","SELL","19965.0000000000","0.0009820000BTC","19.60563000GBP","0.0000000000GBP"
"2020-12-29 20:09:56","BTCGBP","SELL","19965.0000000000","0.0078270000BTC","156.26605500GBP","0.0000000000GBP"
"2020-12-29 20:09:55","BTCGBP","SELL","19965.0000000000","0.0078270000BTC","156.26605500GBP","0.0000000000GBP"
"2020-12-29 20:09:53","BTCGBP","SELL","19965.0000000000","0.0078280000BTC","156.28602000GBP","0.0000000000GBP"
"2020-12-29 20:09:52","BTCGBP","SELL","19965.0000000000","0.0053850000BTC","107.51152500GBP","0.0000000000GBP"
"2020-12-29 20:09:51","BTCGBP","SELL","19965.0000000000","0.0008330000BTC","16.63084500GBP","0.0000000000GBP"
"2020-12-29 20:09:45","BTCGBP","SELL","19970.2900000000","0.0035560000BTC","71.01435124GBP","0.0710143500GBP"
"2020-12-29 20:09:45","BTCGBP","SELL","19965.0000000000","0.0045000000BTC","89.84250000GBP","0.0000000000GBP"
"2020-12-29 20:09:45","BTCGBP","SELL","19970.0600000000","0.0024480000BTC","48.88670688GBP","0.0488867100GBP"
"2020-12-29 20:09:45","BTCGBP","SELL","19967.0000000000","0.0000070000BTC","0.13976900GBP","0.0001397700GBP"
"2020-12-29 20:09:45","BTCGBP","SELL","19970.0800000000","0.0024480000BTC","48.88675584GBP","0.0488867600GBP"
"2020-12-29 20:09:45","BTCGBP","SELL","19965.0000000000","0.0045000000BTC","89.84250000GBP","0.0000000000GBP"
"2020-12-29 20:09:45","BTCGBP","SELL","19965.0000000000","0.0073650000BTC","147.04222500GBP","0.0000000000GBP"
"2020-12-29 01:57:12","BTCGBP","BUY","19950.0000000000","0.0000040000BTC","0.07980000GBP","0.0000000100BTC"
"2020-12-29 01:57:02","BTCGBP","BUY","19950.0000000000","0.3568700000BTC","7119.55650000GBP","0.0003568700BTC"
"2020-12-29 01:55:57","BTCGBP","BUY","19950.0000000000","0.0349300000BTC","696.85350000GBP","0.0000349300BTC"
"2020-12-29 01:55:11","BTCGBP","BUY","19950.0000000000","0.0523850000BTC","1045.08075000GBP","0.0000523900BTC"
"2020-12-29 01:55:10","BTCGBP","BUY","19950.0000000000","0.0545940000BTC","1089.15030000GBP","0.0000545900BTC"
"2020-12-29 01:55:09","BTCGBP","BUY","19950.0000000000","0.0478260000BTC","954.12870000GBP","0.0000478300BTC"
"2020-12-29 01:55:08","BTCGBP","BUY","19950.0000000000","0.2000000000BTC","3990.00000000GBP","0.0002000000BTC"
"2020-12-29 01:55:08","BTCGBP","BUY","19950.0000000000","0.0150390000BTC","300.02805000GBP","0.0000150400BTC"
"2020-12-29 01:55:08","BTCGBP","BUY","19950.0000000000","0.8072600000BTC","16104.83700000GBP","0.0008072600BTC"
"2020-12-29 01:55:08","BTCGBP","BUY","19950.0000000000","0.0510800000BTC","1019.04600000GBP","0.0000510800BTC"
"2020-12-29 01:55:08","BTCGBP","BUY","19950.0000000000","0.0456200000BTC","910.11900000GBP","0.0000456200BTC"
"2020-12-29 00:03:56","XRPGBP","SELL","0.1791300000","1855.8000000000XRP","332.42945400GBP","0.3324294500GBP"
"2020-12-29 00:03:56","XRPGBP","SELL","0.1798200000","316.8000000000XRP","56.96697600GBP","0.0569669800GBP"
"2020-12-29 00:03:56","XRPGBP","SELL","0.1793600000","1812.0000000000XRP","325.00032000GBP","0.3250003200GBP"
"2020-12-29 00:03:56","XRPGBP","SELL","0.1796000000","2615.3000000000XRP","469.70788000GBP","0.4697078800GBP"
"2020-12-29 00:03:56","XRPGBP","SELL","0.1792500000","3295.2000000000XRP","590.66460000GBP","0.5906646000GBP"
"2020-12-29 00:03:56","XRPGBP","SELL","0.1793000000","94.9000000000XRP","17.01557000GBP","0.0170155700GBP"
"2020-12-29 00:00:44","XRPGBP","BUY","0.1840000000","1328.9000000000XRP","244.51760000GBP","1.3289000000XRP"
"2020-12-29 00:00:43","XRPGBP","BUY","0.1840000000","111.4000000000XRP","20.49760000GBP","0.1114000000XRP"
"2020-12-29 00:00:42","XRPGBP","BUY","0.1840000000","1493.7000000000XRP","274.84080000GBP","1.4937000000XRP"
"2020-12-29 00:00:42","XRPGBP","BUY","0.1840000000","177.7000000000XRP","32.69680000GBP","0.1777000000XRP"
"2020-12-29 00:00:42","XRPGBP","BUY","0.1840000000","524.7000000000XRP","96.54480000GBP","0.5247000000XRP"
"2020-12-29 00:00:42","XRPGBP","BUY","0.1840000000","106.3000000000XRP","19.55920000GBP","0.1063000000XRP"
"2020-12-29 00:00:42","XRPGBP","BUY","0.1840000000","1004.6000000000XRP","184.84640000GBP","1.0046000000XRP"
"2020-12-29 00:00:41","XRPGBP","BUY","0.1840000000","146.6000000000XRP","26.97440000GBP","0.1466000000XRP"
"2020-12-29 00:00:41","XRPGBP","BUY","0.1840000000","326.5000000000XRP","60.07600000GBP","0.3265000000XRP"
"2020-12-29 00:00:41","XRPGBP","BUY","0.1840000000","157.6000000000XRP","28.99840000GBP","0.1576000000XRP"
"2020-12-29 00:00:40","XRPGBP","BUY","0.1840000000","56.3000000000XRP","10.35920000GBP","0.0563000000XRP"
"2020-12-29 00:00:40","XRPGBP","BUY","0.1840000000","157.6000000000XRP","28.99840000GBP","0.1576000000XRP"
"2020-12-29 00:00:38","XRPGBP","BUY","0.1840000000","405.9000000000XRP","74.68560000GBP","0.4059000000XRP"
"2020-12-29 00:00:38","XRPGBP","BUY","0.1840000000","308.2000000000XRP","56.70880000GBP","0.3082000000XRP"
"2020-12-29 00:00:38","XRPGBP","BUY","0.1840000000","98.0000000000XRP","18.03200000GBP","0.0980000000XRP"
"2020-12-29 00:00:37","XRPGBP","BUY","0.1840000000","305.3000000000XRP","56.17520000GBP","0.3053000000XRP"
"2020-12-29 00:00:37","XRPGBP","BUY","0.1840000000","516.4000000000XRP","95.01760000GBP","0.5164000000XRP"
"2020-12-29 00:00:37","XRPGBP","BUY","0.1840000000","940.4000000000XRP","173.03360000GBP","0.9404000000XRP"
"2020-12-29 00:00:37","XRPGBP","BUY","0.1840000000","1434.0000000000XRP","263.85600000GBP","1.4340000000XRP"
"2020-12-29 00:00:37","XRPGBP","BUY","0.1840000000","399.9000000000XRP","73.58160000GBP","0.3999000000XRP"
"2020-12-28 23:41:50","BTCGBP","SELL","20120.0000000000","0.0555410000BTC","1117.48492000GBP","1.1174849200GBP"
"2020-12-28 23:41:50","BTCGBP","SELL","20120.0000000000","0.0034940000BTC","70.29928000GBP","0.0702992800GBP"
"2020-12-28 23:41:50","BTCGBP","SELL","20120.0000000000","0.0925800000BTC","1862.70960000GBP","1.8627096000GBP"
"2020-12-28 23:41:50","BTCGBP","SELL","20120.0000000000","0.0185180000BTC","372.58216000GBP","0.3725821600GBP"
"2020-12-28 23:41:50","BTCGBP","SELL","20120.0000000000","0.4560000000BTC","9174.72000000GBP","9.1747200000GBP"
"2020-12-28 23:41:50","BTCGBP","SELL","20120.0000000000","0.0185140000BTC","372.50168000GBP","0.3725016800GBP"
"2020-12-28 23:41:50","BTCGBP","SELL","20120.0000000000","0.0370320000BTC","745.08384000GBP","0.7450838400GBP"
"2020-12-28 23:41:50","BTCGBP","SELL","20120.0000000000","0.0077630000BTC","156.19156000GBP","0.1561915600GBP"
"2020-12-28 23:41:50","BTCGBP","SELL","20120.0000000000","0.0602430000BTC","1212.08916000GBP","1.2120891600GBP"
"2020-12-28 23:41:50","BTCGBP","SELL","20120.0000000000","0.0370320000BTC","745.08384000GBP","0.7450838400GBP"
"2020-12-28 23:41:50","BTCGBP","SELL","20120.0000000000","0.0011980000BTC","24.10376000GBP","0.0241037600GBP"
"2020-12-28 23:41:50","BTCGBP","SELL","20120.0000000000","0.0180620000BTC","363.40744000GBP","0.3634074400GBP"
"2020-12-28 23:41:49","BTCGBP","SELL","20120.0000000000","0.0045350000BTC","91.24420000GBP","0.0912442000GBP"
"2020-12-28 23:41:49","BTCGBP","SELL","20120.0000000000","0.1525830000BTC","3069.96996000GBP","3.0699699600GBP"
"2020-12-28 23:41:49","BTCGBP","SELL","20120.0000000000","0.0925810000BTC","1862.72972000GBP","1.8627297200GBP"
"2020-12-28 23:41:48","BTCGBP","SELL","20120.0000000000","0.0500000000BTC","1006.00000000GBP","1.0060000000GBP"
"2020-12-28 23:41:48","BTCGBP","SELL","20120.0000000000","0.5500000000BTC","11066.00000000GBP","11.0660000000GBP"
"2020-12-28 22:52:39","BTCGBP","BUY","20050.0000000000","0.1593050000BTC","3194.06525000GBP","0.0001593100BTC"
"2020-12-28 22:52:39","BTCGBP","BUY","20050.0000000000","0.0934320000BTC","1873.31160000GBP","0.0000934300BTC"
"2020-12-28 22:52:39","BTCGBP","BUY","20050.0000000000","0.1590770000BTC","3189.49385000GBP","0.0001590800BTC"
"2020-12-28 22:52:39","BTCGBP","BUY","20050.0000000000","0.1120370000BTC","2246.34185000GBP","0.0001120400BTC"
"2020-12-28 22:52:39","BTCGBP","BUY","20050.0000000000","0.1593060000BTC","3194.08530000GBP","0.0001593100BTC"
"2020-12-28 22:52:39","BTCGBP","BUY","20050.0000000000","0.0934320000BTC","1873.31160000GBP","0.0000934300BTC"
"2020-12-28 22:52:39","BTCGBP","BUY","20050.0000000000","0.1317130000BTC","2640.84565000GBP","0.0001317100BTC"
"2020-12-28 22:52:39","BTCGBP","BUY","20050.0000000000","0.1593060000BTC","3194.08530000GBP","0.0001593100BTC"
"2020-12-28 22:52:39","BTCGBP","BUY","20050.0000000000","0.1593050000BTC","3194.06525000GBP","0.0001593100BTC"
"2020-12-28 22:52:39","BTCGBP","BUY","20050.0000000000","0.1593060000BTC","3194.08530000GBP","0.0001593100BTC"
"2020-12-28 22:52:39","BTCGBP","BUY","20050.0000000000","0.1590770000BTC","3189.49385000GBP","0.0001590800BTC"
"2020-12-28 22:52:39","BTCGBP","BUY","20050.0000000000","0.1120370000BTC","2246.34185000GBP","0.0001120400BTC"
"2020-12-28 21:21:33","BTCGBP","SELL","20000.0000000000","0.0037350000BTC","74.70000000GBP","0.0747000000GBP"
"2020-12-28 21:21:33","BTCGBP","SELL","20000.0000000000","0.1190000000BTC","2380.00000000GBP","2.3800000000GBP"
"2020-12-28 21:21:33","BTCGBP","SELL","20000.0000000000","0.1500000000BTC","3000.00000000GBP","3.0000000000GBP"
"2020-12-28 21:21:33","BTCGBP","SELL","20000.0000000000","0.2941400000BTC","5882.80000000GBP","5.8828000000GBP"
"2020-12-28 21:21:33","BTCGBP","SELL","20000.0000000000","1.0962650000BTC","21925.30000000GBP","21.9253000000GBP"
"2020-12-28 21:09:01","BTCGBP","BUY","20080.0000000000","0.2319640000BTC","4657.83712000GBP","0.0002319600BTC"
"2020-12-28 21:09:00","BTCGBP","BUY","20080.0000000000","0.0053300000BTC","107.02640000GBP","0.0000053300BTC"
"2020-12-28 21:09:00","BTCGBP","BUY","20080.0000000000","0.0050000000BTC","100.40000000GBP","0.0000050000BTC"
"2020-12-28 21:08:59","BTCGBP","BUY","20080.0000000000","0.0050000000BTC","100.40000000GBP","0.0000050000BTC"
"2020-12-28 21:08:59","BTCGBP","BUY","20080.0000000000","0.0156980000BTC","315.21584000GBP","0.0000157000BTC"
"2020-12-28 21:08:59","BTCGBP","BUY","20080.0000000000","0.0402940000BTC","809.10352000GBP","0.0000402900BTC"
"2020-12-28 21:08:59","BTCGBP","BUY","20080.0000000000","0.0009870000BTC","19.81896000GBP","0.0000009900BTC"
"2020-12-28 21:08:59","BTCGBP","BUY","20080.0000000000","0.0276810000BTC","555.83448000GBP","0.0000276800BTC"
"2020-12-28 21:08:59","BTCGBP","BUY","20080.0000000000","0.0263080000BTC","528.26464000GBP","0.0000263100BTC"
"2020-12-28 21:08:57","BTCGBP","BUY","20080.0000000000","0.0050000000BTC","100.40000000GBP","0.0000050000BTC"
"2020-12-28 21:08:57","BTCGBP","BUY","20080.0000000000","0.0050000000BTC","100.40000000GBP","0.0000050000BTC"
"2020-12-28 21:08:57","BTCGBP","BUY","20080.0000000000","0.0050000000BTC","100.40000000GBP","0.0000050000BTC"
"2020-12-28 21:08:57","BTCGBP","BUY","20080.0000000000","0.0267410000BTC","536.95928000GBP","0.0000267400BTC"
"2020-12-28 21:08:55","BTCGBP","BUY","20080.0000000000","0.0500000000BTC","1004.00000000GBP","0.0000500000BTC"
"2020-12-28 21:08:55","BTCGBP","BUY","20080.0000000000","0.1500000000BTC","3012.00000000GBP","0.0001500000BTC"
"2020-12-28 21:08:55","BTCGBP","BUY","20080.0000000000","0.0500000000BTC","1004.00000000GBP","0.0000500000BTC"
"2020-12-28 21:08:55","BTCGBP","BUY","20080.0000000000","0.3000000000BTC","6024.00000000GBP","0.0003000000BTC"
"2020-12-28 21:08:55","BTCGBP","BUY","20080.0000000000","0.0735900000BTC","1477.68720000GBP","0.0000735900BTC"
"2020-12-28 21:08:55","BTCGBP","BUY","20080.0000000000","0.0025300000BTC","50.80240000GBP","0.0000025300BTC"
"2020-12-28 21:08:55","BTCGBP","BUY","20080.0000000000","0.0500000000BTC","1004.00000000GBP","0.0000500000BTC"
"2020-12-28 21:08:55","BTCGBP","BUY","20080.0000000000","0.0500000000BTC","1004.00000000GBP","0.0000500000BTC"
"2020-12-28 21:08:55","BTCGBP","BUY","20080.0000000000","0.0500000000BTC","1004.00000000GBP","0.0000500000BTC"
"2020-12-28 21:08:54","BTCGBP","BUY","20080.0000000000","0.0515000000BTC","1034.12000000GBP","0.0000515000BTC"
"2020-12-28 21:08:53","BTCGBP","BUY","20080.0000000000","0.0468620000BTC","940.98896000GBP","0.0000468600BTC"
"2020-12-28 21:08:50","BTCGBP","BUY","20080.0000000000","0.0007510000BTC","15.08008000GBP","0.0000007500BTC"
"2020-12-28 21:08:48","BTCGBP","BUY","20080.0000000000","0.2000000000BTC","4016.00000000GBP","0.0002000000BTC"
"2020-12-28 21:08:47","BTCGBP","BUY","20080.0000000000","0.0681750000BTC","1368.95400000GBP","0.0000681800BTC"
"2020-12-28 21:08:47","BTCGBP","BUY","20080.0000000000","0.0154860000BTC","310.95888000GBP","0.0000154900BTC"
"2020-12-28 21:07:50","BTCGBP","BUY","20080.0000000000","0.0475860000BTC","955.52688000GBP","0.0000475900BTC"
"2020-12-28 21:07:00","BTCGBP","BUY","20080.0000000000","0.0583220000BTC","1171.10576000GBP","0.0000583200BTC"
"2020-12-28 20:35:30","BTCGBP","SELL","19900.0000000000","0.0000090000BTC","0.17910000GBP","0.0001791000GBP"
"2020-12-28 20:35:24","BTCGBP","SELL","19900.0000000000","0.0050250000BTC","99.99750000GBP","0.0999975000GBP"
"2020-12-28 20:35:24","BTCGBP","SELL","19911.3100000000","0.0009400000BTC","18.71663140GBP","0.0187166300GBP"
"2020-12-28 20:35:24","BTCGBP","SELL","19913.0000000000","0.0075330000BTC","150.00462900GBP","0.1500046300GBP"
"2020-12-28 20:35:24","BTCGBP","SELL","19900.0000000000","0.0050250000BTC","99.99750000GBP","0.0999975000GBP"
"2020-12-28 20:35:24","BTCGBP","SELL","19902.6300000000","0.0008170000BTC","16.26044871GBP","0.0162604500GBP"
"2020-12-28 20:35:24","BTCGBP","SELL","19900.0000000000","0.0075370000BTC","149.98630000GBP","0.1499863000GBP"
"2020-12-28 20:35:24","BTCGBP","SELL","19900.0000000000","1.4040000000BTC","27939.60000000GBP","27.9396000000GBP"
"2020-12-28 20:26:27","ETHGBP","SELL","551.9600000000","0.0512700000ETH","28.29898920GBP","0.0282989900GBP"
"2020-12-28 20:26:27","ETHGBP","SELL","551.8800000000","0.2611100000ETH","144.10138680GBP","0.1441013900GBP"
"2020-12-28 20:26:27","ETHGBP","SELL","551.8900000000","1.3514400000ETH","745.84622160GBP","0.7458462200GBP"
"2020-12-28 20:26:27","ETHGBP","SELL","551.9000000000","7.3740800000ETH","4069.75475200GBP","4.0697547500GBP"
"2020-12-28 20:18:46","ETHGBP","BUY","556.0200000000","2.1864900000ETH","1215.73216980GBP","0.0021864900ETH"
"2020-12-28 20:18:43","ETHGBP","BUY","556.0200000000","0.1218900000ETH","67.77327780GBP","0.0001218900ETH"
"2020-12-28 20:18:43","ETHGBP","BUY","556.0200000000","0.3357500000ETH","186.68371500GBP","0.0003357500ETH"
"2020-12-28 20:18:42","ETHGBP","BUY","556.0200000000","2.4536000000ETH","1364.25067200GBP","0.0024536000ETH"
"2020-12-28 20:18:41","ETHGBP","BUY","556.0200000000","2.8697200000ETH","1595.62171440GBP","0.0028697200ETH"
"2020-12-28 20:18:36","ETHGBP","BUY","556.0200000000","0.2824300000ETH","157.03672860GBP","0.0002824300ETH"
"2020-12-28 20:17:02","ETHGBP","BUY","556.0200000000","0.3277300000ETH","182.22443460GBP","0.0003277300ETH"
"2020-12-28 20:17:02","ETHGBP","BUY","556.0200000000","0.4693400000ETH","260.96242680GBP","0.0004693400ETH"
"2020-12-28 19:10:21","XRPGBP","SELL","0.2130000000","3929.8000000000XRP","837.04740000GBP","0.8370474000GBP"
"2020-12-28 19:10:21","XRPGBP","SELL","0.2130000000","8737.4000000000XRP","1861.06620000GBP","1.8610662000GBP"
"2020-12-28 19:10:20","XRPGBP","SELL","0.2130000000","8738.8000000000XRP","1861.36440000GBP","1.8613644000GBP"
"2020-12-28 19:10:19","XRPGBP","SELL","0.2130000000","444.3000000000XRP","94.63590000GBP","0.0946359000GBP"
"2020-12-28 19:10:19","XRPGBP","SELL","0.2130000000","673.5000000000XRP","143.45550000GBP","0.1434555000GBP"
"2020-12-28 19:10:19","XRPGBP","SELL","0.2130000000","455.0000000000XRP","96.91500000GBP","0.0969150000GBP"
"2020-12-28 19:10:17","XRPGBP","SELL","0.2130000000","591.4000000000XRP","125.96820000GBP","0.1259682000GBP"
"2020-12-28 19:10:17","XRPGBP","SELL","0.2130000000","69.8000000000XRP","14.86740000GBP","0.0148674000GBP"
"2020-12-28 17:16:34","ADABTC","SELL","0.0000063200","23128.0000000000ADA","0.14616896BTC","0.0001461700BTC"
"2020-12-28 17:16:34","ADABTC","SELL","0.0000063200","20164.0000000000ADA","0.12743648BTC","0.0001274400BTC"
"2020-12-28 17:16:34","ADABTC","SELL","0.0000063200","4401.0000000000ADA","0.02781432BTC","0.0000278100BTC"
"2020-12-28 17:05:12","LINKBTC","SELL","0.0004691500","209.3000000000LINK","0.09819310BTC","0.0000981900BTC"
"2020-12-28 17:05:12","LINKBTC","SELL","0.0004691500","129.2000000000LINK","0.06061418BTC","0.0000606100BTC"
"2020-12-28 17:05:12","LINKBTC","SELL","0.0004691500","290.7000000000LINK","0.13638191BTC","0.0001363800BTC"
"2020-12-28 17:05:12","LINKBTC","SELL","0.0004691500","19.9000000000LINK","0.00933609BTC","0.0000093400BTC"
"2020-12-28 12:12:24","ALGOBTC","SELL","0.0000127400","1500.0000000000ALGO","0.01911000BTC","0.0000191100BTC"
"2020-12-28 12:12:24","ALGOBTC","SELL","0.0000127400","5000.0000000000ALGO","0.06370000BTC","0.0000637000BTC"
"2020-12-28 12:12:24","ALGOBTC","SELL","0.0000127400","12987.0000000000ALGO","0.16545438BTC","0.0001654500BTC"
"2020-12-28 12:12:24","ALGOBTC","SELL","0.0000127400","1671.0000000000ALGO","0.02128854BTC","0.0000212900BTC"
"2020-12-28 12:12:24","ALGOBTC","SELL","0.0000127400","1000.0000000000ALGO","0.01274000BTC","0.0000127400BTC"
"2020-12-28 12:05:31","ALGOBTC","SELL","0.0000127400","179.0000000000ALGO","0.00228046BTC","0.0000022800BTC"
"2020-12-28 12:05:31","ALGOBTC","SELL","0.0000127400","1000.0000000000ALGO","0.01274000BTC","0.0000127400BTC"
"2020-12-28 12:05:28","ALGOBTC","SELL","0.0000127400","26.0000000000ALGO","0.00033124BTC","0.0000003300BTC"
"2020-12-28 12:05:28","ALGOBTC","SELL","0.0000127400","100.0000000000ALGO","0.00127400BTC","0.0000012700BTC"
"2020-12-28 12:05:25","ALGOBTC","SELL","0.0000127400","26.0000000000ALGO","0.00033124BTC","0.0000003300BTC"
"2020-12-28 12:05:11","ALGOBTC","SELL","0.0000127400","4131.0000000000ALGO","0.05262894BTC","0.0000526300BTC"
"2020-12-28 12:05:11","ALGOBTC","SELL","0.0000127400","63.0000000000ALGO","0.00080262BTC","0.0000008000BTC"
"2020-12-28 12:05:05","ALGOBTC","SELL","0.0000127400","1291.0000000000ALGO","0.01644734BTC","0.0000164500BTC"
"2020-12-28 12:05:04","ALGOBTC","SELL","0.0000127400","353.0000000000ALGO","0.00449722BTC","0.0000045000BTC"
"2020-12-28 12:05:03","ALGOBTC","SELL","0.0000127400","117.0000000000ALGO","0.00149058BTC","0.0000014900BTC"
"2020-12-28 12:05:03","ALGOBTC","SELL","0.0000127400","1126.0000000000ALGO","0.01434524BTC","0.0000143500BTC"
"2020-12-28 12:05:03","ALGOBTC","SELL","0.0000127400","441.0000000000ALGO","0.00561834BTC","0.0000056200BTC"
"2020-12-28 12:05:03","ALGOBTC","SELL","0.0000127400","1126.0000000000ALGO","0.01434524BTC","0.0000143500BTC"
"2020-12-28 02:08:53","BTCGBP","BUY","20050.0000000000","0.0000080000BTC","0.16040000GBP","0.0000000100BTC"
"2020-12-28 02:08:53","BTCGBP","BUY","20050.0000000000","0.4169400000BTC","8359.64700000GBP","0.0004169400BTC"
"2020-12-28 00:03:11","BTCGBP","SELL","19331.8400000000","0.0113680000BTC","219.76435712GBP","0.2197643600GBP"
"2020-12-28 00:03:11","BTCGBP","SELL","19337.6900000000","0.0010350000BTC","20.01450915GBP","0.0200145100GBP"
"2020-12-28 00:03:11","BTCGBP","SELL","19333.6500000000","0.0573360000BTC","1108.51415640GBP","1.1085141600GBP"
"2020-12-28 00:03:11","BTCGBP","SELL","19330.4800000000","0.0235520000BTC","455.27146496GBP","0.4552714600GBP"
"2020-12-28 00:03:11","BTCGBP","SELL","19339.2500000000","0.0573260000BTC","1108.64184550GBP","1.1086418500GBP"
"2020-12-28 00:03:11","BTCGBP","SELL","19338.0100000000","0.2821370000BTC","5455.96812737GBP","5.4559681300GBP"
"2020-12-27 21:46:05","BTCGBP","BUY","19520.0000000000","0.0761800000BTC","1487.03360000GBP","0.0000761800BTC"
"2020-12-27 21:46:05","BTCGBP","BUY","19520.0000000000","0.0000010000BTC","0.01952000GBP","0.0000000100BTC"
"2020-12-27 21:46:04","BTCGBP","BUY","19520.0000000000","0.3120100000BTC","6090.43520000GBP","0.0003120100BTC"
"2020-12-27 21:46:04","BTCGBP","BUY","19520.0000000000","0.0128910000BTC","251.63232000GBP","0.0000128900BTC"
"2020-12-27 21:46:04","BTCGBP","BUY","19520.0000000000","0.0073120000BTC","142.73024000GBP","0.0000073100BTC"
"2020-12-27 21:46:03","BTCGBP","BUY","19520.0000000000","0.0134730000BTC","262.99296000GBP","0.0000134700BTC"
"2020-12-27 21:46:03","BTCGBP","BUY","19520.0000000000","0.0113200000BTC","220.96640000GBP","0.0000113200BTC"
"2020-12-27 20:56:09","BTCGBP","SELL","19370.0000000000","0.0089910000BTC","174.15567000GBP","0.1741556700GBP"
"2020-12-27 20:56:09","BTCGBP","SELL","19370.0000000000","0.0294800000BTC","571.02760000GBP","0.5710276000GBP"
"2020-12-27 20:56:09","BTCGBP","SELL","19370.0000000000","0.0025210000BTC","48.83177000GBP","0.0488317700GBP"
"2020-12-27 20:56:08","BTCGBP","SELL","19370.0000000000","0.0021540000BTC","41.72298000GBP","0.0417229800GBP"
"2020-12-27 20:56:08","BTCGBP","SELL","19370.0000000000","0.0021600000BTC","41.83920000GBP","0.0418392000GBP"
"2020-12-27 20:56:08","BTCGBP","SELL","19370.0000000000","0.0021620000BTC","41.87794000GBP","0.0418779400GBP"
"2020-12-27 20:56:08","BTCGBP","SELL","19370.0000000000","0.0021580000BTC","41.80046000GBP","0.0418004600GBP"
"2020-12-27 20:56:08","BTCGBP","SELL","19370.0000000000","0.0021620000BTC","41.87794000GBP","0.0418779400GBP"
"2020-12-27 20:56:08","BTCGBP","SELL","19370.0000000000","0.0021520000BTC","41.68424000GBP","0.0416842400GBP"
"2020-12-27 20:56:08","BTCGBP","SELL","19370.0000000000","0.0021420000BTC","41.49054000GBP","0.0414905400GBP"
"2020-12-27 20:56:08","BTCGBP","SELL","19370.0000000000","0.0021430000BTC","41.50991000GBP","0.0415099100GBP"
"2020-12-27 20:56:08","BTCGBP","SELL","19370.0000000000","0.0021580000BTC","41.80046000GBP","0.0418004600GBP"
"2020-12-27 20:56:08","BTCGBP","SELL","19370.0000000000","0.0021510000BTC","41.66487000GBP","0.0416648700GBP"
"2020-12-27 20:56:08","BTCGBP","SELL","19370.0000000000","0.0021620000BTC","41.87794000GBP","0.0418779400GBP"
"2020-12-27 20:56:08","BTCGBP","SELL","19370.0000000000","0.0021580000BTC","41.80046000GBP","0.0418004600GBP"
"2020-12-27 20:56:08","BTCGBP","SELL","19370.0000000000","0.0021460000BTC","41.56802000GBP","0.0415680200GBP"
"2020-12-27 20:56:08","BTCGBP","SELL","19370.0000000000","0.0021640000BTC","41.91668000GBP","0.0419166800GBP"
"2020-12-27 20:56:08","BTCGBP","SELL","19370.0000000000","0.0021510000BTC","41.66487000GBP","0.0416648700GBP"
"2020-12-27 20:56:08","BTCGBP","SELL","19370.0000000000","0.0016080000BTC","31.14696000GBP","0.0311469600GBP"
"2020-12-27 20:56:07","BTCGBP","SELL","19370.0000000000","0.0304410000BTC","589.64217000GBP","0.5896421700GBP"
"2020-12-27 20:56:07","BTCGBP","SELL","19370.0000000000","0.0085530000BTC","165.67161000GBP","0.1656716100GBP"
"2020-12-27 20:56:02","BTCGBP","SELL","19370.0000000000","0.1113300000BTC","2156.46210000GBP","2.1564621000GBP"
"2020-12-27 20:56:02","BTCGBP","SELL","19370.0000000000","0.0091500000BTC","177.23550000GBP","0.1772355000GBP"
"2020-12-27 20:56:02","BTCGBP","SELL","19370.0000000000","0.2000000000BTC","3874.00000000GBP","3.8740000000GBP"
"2020-12-27 20:56:00","BTCGBP","SELL","19370.0000000000","0.0025810000BTC","49.99397000GBP","0.0499939700GBP"
"2020-12-26 02:48:24","BTCGBP","BUY","18450.0000000000","0.1731210000BTC","3194.08245000GBP","0.0001731200BTC"
"2020-12-26 02:48:24","BTCGBP","BUY","18450.0000000000","0.1731210000BTC","3194.08245000GBP","0.0001731200BTC"
"2020-12-26 02:48:24","BTCGBP","BUY","18450.0000000000","0.0911730000BTC","1682.14185000GBP","0.0000911700BTC"
"2020-12-26 02:09:03","BTCGBP","SELL","18435.0000000000","0.1104200000BTC","2035.59270000GBP","2.0355927000GBP"
"2020-12-26 02:09:03","BTCGBP","SELL","18435.0000000000","0.0042350000BTC","78.07222500GBP","0.0780722300GBP"
"2020-12-26 02:09:03","BTCGBP","SELL","18435.0000000000","0.1734400000BTC","3197.36640000GBP","3.1973664000GBP"
"2020-12-26 02:09:03","BTCGBP","SELL","18435.0000000000","0.1500000000BTC","2765.25000000GBP","2.7652500000GBP"
"2020-12-26 01:47:47","ETHBTC","SELL","0.0252090000","0.0180000000ETH","0.00045376BTC","0.0000004500BTC"
"2020-12-26 01:47:47","ETHBTC","SELL","0.0252120000","0.0270000000ETH","0.00068072BTC","0.0000006800BTC"
"2020-12-26 01:47:47","ETHBTC","SELL","0.0252110000","0.0140000000ETH","0.00035295BTC","0.0000003500BTC"
"2020-12-26 01:47:47","ETHBTC","SELL","0.0252120000","1.8970000000ETH","0.04782716BTC","0.0000478300BTC"
"2020-12-26 01:47:47","ETHBTC","SELL","0.0252110000","2.2040000000ETH","0.05556504BTC","0.0000555700BTC"
"2020-12-26 01:47:47","ETHBTC","SELL","0.0252090000","2.2070000000ETH","0.05563626BTC","0.0000556400BTC"
"2020-12-26 01:47:47","ETHBTC","SELL","0.0252100000","0.0240000000ETH","0.00060504BTC","0.0000006100BTC"
"2020-12-26 01:47:47","ETHBTC","SELL","0.0252090000","0.0080000000ETH","0.00020167BTC","0.0000002000BTC"
"2020-12-26 01:47:47","ETHBTC","SELL","0.0252100000","2.5790000000ETH","0.06501659BTC","0.0000650200BTC"
"2020-12-26 01:47:47","ETHBTC","SELL","0.0252100000","0.0060000000ETH","0.00015126BTC","0.0000001500BTC"
"2020-12-26 01:47:47","ETHBTC","SELL","0.0252130000","1.0060000000ETH","0.02536428BTC","0.0000253600BTC"
"2020-12-26 01:34:07","LINKBTC","BUY","0.0004682000","640.4000000000LINK","0.29983528BTC","0.6404000000LINK"
"2020-12-26 01:34:05","LINKBTC","BUY","0.0004682000","9.4000000000LINK","0.00440108BTC","0.0094000000LINK"
"2020-12-26 01:31:12","ADABTC","BUY","0.0000063000","41770.0000000000ADA","0.26315100BTC","41.7700000000ADA"
"2020-12-26 01:31:12","ADABTC","BUY","0.0000063000","2038.0000000000ADA","0.01283940BTC","2.0380000000ADA"
"2020-12-26 01:31:12","ADABTC","BUY","0.0000063000","3933.0000000000ADA","0.02477790BTC","3.9330000000ADA"
"2020-12-26 00:42:36","ALGOBTC","BUY","0.0000127000","262.0000000000ALGO","0.00332740BTC","0.2620000000ALGO"
"2020-12-26 00:42:36","ALGOBTC","BUY","0.0000127000","355.0000000000ALGO","0.00450850BTC","0.3550000000ALGO"
"2020-12-26 00:42:36","ALGOBTC","BUY","0.0000127000","31524.0000000000ALGO","0.40035480BTC","31.5240000000ALGO"
"2020-12-26 00:42:36","ALGOBTC","BUY","0.0000127000","21.0000000000ALGO","0.00026670BTC","0.0210000000ALGO"
"2020-12-26 00:28:35","ETHBTC","BUY","0.0254400000","0.0340000000ETH","0.00086496BTC","0.0000340000ETH"
"2020-12-26 00:28:35","ETHBTC","BUY","0.0254470000","3.2560000000ETH","0.08285543BTC","0.0032560000ETH"
"2020-12-26 00:28:35","ETHBTC","BUY","0.0254450000","2.5000000000ETH","0.06361250BTC","0.0025000000ETH"
"2020-12-26 00:28:35","ETHBTC","BUY","0.0254460000","2.0000000000ETH","0.05089200BTC","0.0020000000ETH"
"2020-12-26 00:28:35","ETHBTC","BUY","0.0254450000","2.0000000000ETH","0.05089000BTC","0.0020000000ETH"
"2020-12-26 00:28:35","ETHBTC","BUY","0.0254460000","0.0500000000ETH","0.00127230BTC","0.0000500000ETH"
"2020-12-26 00:28:35","ETHBTC","BUY","0.0254460000","0.0500000000ETH","0.00127230BTC","0.0000500000ETH"
"2020-12-26 00:28:35","ETHBTC","BUY","0.0254460000","0.1100000000ETH","0.00279906BTC","0.0001100000ETH"
"2020-12-26 00:01:51","BTCGBP","BUY","18390.0000000000","0.6436660000BTC","11837.01774000GBP","0.0006436700BTC"
"2020-12-26 00:01:35","BTCGBP","BUY","18390.0000000000","0.0470090000BTC","864.49551000GBP","0.0000470100BTC"
"2020-12-26 00:01:35","BTCGBP","BUY","18390.0000000000","0.0470090000BTC","864.49551000GBP","0.0000470100BTC"
"2020-12-26 00:01:28","BTCGBP","BUY","18390.0000000000","0.0175210000BTC","322.21119000GBP","0.0000175200BTC"
"2020-12-26 00:01:26","BTCGBP","BUY","18390.0000000000","0.0250960000BTC","461.51544000GBP","0.0000251000BTC"
"2020-12-26 00:01:24","BTCGBP","BUY","18390.0000000000","0.0159280000BTC","292.91592000GBP","0.0000159300BTC"
"2020-12-26 00:01:17","BTCGBP","BUY","18383.8600000000","0.0381900000BTC","702.07961340GBP","0.0000381900BTC"
"2020-12-26 00:01:17","BTCGBP","BUY","18388.6600000000","0.0445930000BTC","820.00551538GBP","0.0000445900BTC"
"2020-12-26 00:01:17","BTCGBP","BUY","18383.8700000000","0.0606200000BTC","1114.43019940GBP","0.0000606200BTC"
"2020-12-26 00:01:17","BTCGBP","BUY","18383.0400000000","0.0381920000BTC","702.08506368GBP","0.0000381900BTC"
"2020-12-26 00:01:17","BTCGBP","BUY","18388.6700000000","0.2660250000BTC","4891.84593675GBP","0.0002660300BTC"
"2020-12-26 00:01:17","BTCGBP","BUY","18388.6600000000","0.1094150000BTC","2011.99523390GBP","0.0001094200BTC"
"2020-12-26 00:01:17","BTCGBP","BUY","18385.8900000000","0.0010240000BTC","18.82715136GBP","0.0000010200BTC"
"2020-12-26 00:01:17","BTCGBP","BUY","18382.4800000000","0.0120140000BTC","220.84711472GBP","0.0000120100BTC"
"2020-12-26 00:01:17","BTCGBP","BUY","18381.1500000000","0.0153600000BTC","282.33446400GBP","0.0000153600BTC"
"2020-12-26 00:01:17","BTCGBP","BUY","18388.6600000000","0.0135870000BTC","249.84672342GBP","0.0000135900BTC"
"2020-12-26 00:01:17","BTCGBP","BUY","18383.0500000000","0.0606200000BTC","1114.38049100GBP","0.0000606200BTC"
"2020-12-25 23:55:46","BTCGBP","SELL","18300.0000000000","0.2000000000BTC","3660.00000000GBP","3.6600000000GBP"
"2020-12-25 23:55:46","BTCGBP","SELL","18300.0000000000","0.0500000000BTC","915.00000000GBP","0.9150000000GBP"
"2020-12-25 23:55:46","BTCGBP","SELL","18300.0000000000","0.0000140000BTC","0.25620000GBP","0.0002562000GBP"
"2020-12-25 23:55:46","BTCGBP","SELL","18300.0000000000","0.0500000000BTC","915.00000000GBP","0.9150000000GBP"
"2020-12-25 23:55:46","BTCGBP","SELL","18300.0000000000","0.0500000000BTC","915.00000000GBP","0.9150000000GBP"
"2020-12-25 23:55:46","BTCGBP","SELL","18300.0000000000","0.3635420000BTC","6652.81860000GBP","6.6528186000GBP"
"2020-12-25 23:55:46","BTCGBP","SELL","18300.0000000000","0.0522600000BTC","956.35800000GBP","0.9563580000GBP"
"2020-12-25 23:55:46","BTCGBP","SELL","18300.0000000000","0.3000000000BTC","5490.00000000GBP","5.4900000000GBP"
"2020-12-25 23:55:46","BTCGBP","SELL","18300.0000000000","0.1000000000BTC","1830.00000000GBP","1.8300000000GBP"
"2020-12-25 23:55:33","BTCGBP","SELL","18300.0000000000","0.0059790000BTC","109.41570000GBP","0.1094157000GBP"
"2020-12-25 23:55:32","BTCGBP","SELL","18300.0000000000","0.0126850000BTC","232.13550000GBP","0.2321355000GBP"
"2020-12-25 23:55:31","BTCGBP","SELL","18300.0000000000","0.0202840000BTC","371.19720000GBP","0.3711972000GBP"
"2020-12-25 23:55:30","BTCGBP","SELL","18300.0000000000","0.0201530000BTC","368.79990000GBP","0.3687999000GBP"
"2020-12-25 23:55:29","BTCGBP","SELL","18300.0000000000","0.0126860000BTC","232.15380000GBP","0.2321538000GBP"
"2020-12-25 23:55:29","BTCGBP","SELL","18300.0000000000","0.0202840000BTC","371.19720000GBP","0.3711972000GBP"
"2020-12-25 23:55:29","BTCGBP","SELL","18300.0000000000","0.0062480000BTC","114.33840000GBP","0.1143384000GBP"
"2020-12-25 23:55:29","BTCGBP","SELL","18300.0000000000","0.2003550000BTC","3666.49650000GBP","3.6664965000GBP"
"2020-12-25 21:43:54","BTCGBP","BUY","18020.0000000000","0.5213460000BTC","9394.65492000GBP","0.0005213500BTC"
"2020-12-25 20:09:56","BTCGBP","SELL","18115.0000000000","0.0000050000BTC","0.09057500GBP","0.0000905800GBP"
"2020-12-25 20:09:14","BTCGBP","SELL","18115.0000000000","0.0367110000BTC","665.01976500GBP","0.6650197700GBP"
"2020-12-25 20:09:14","BTCGBP","SELL","18115.0000000000","0.4823800000BTC","8738.31370000GBP","8.7383137000GBP"
"2020-12-25 18:47:17","BTCGBP","BUY","18010.0000000000","0.2000000000BTC","3602.00000000GBP","0.0002000000BTC"
"2020-12-25 18:47:17","BTCGBP","BUY","18010.0000000000","0.2423290000BTC","4364.34529000GBP","0.0002423300BTC"
"2020-12-25 18:47:14","BTCGBP","BUY","18000.0000000000","0.0000070000BTC","0.12600000GBP","0.0000000100BTC"
"2020-12-25 18:47:14","BTCGBP","BUY","18000.0000000000","0.0156920000BTC","282.45600000GBP","0.0000156900BTC"
"2020-12-25 18:47:14","BTCGBP","BUY","18010.0000000000","0.0040250000BTC","72.49025000GBP","0.0000040300BTC"
"2020-12-25 18:47:14","BTCGBP","BUY","18005.1100000000","0.0037940000BTC","68.31138734GBP","0.0000037900BTC"
"2020-12-25 18:47:14","BTCGBP","BUY","18000.1000000000","0.0537580000BTC","967.64937580GBP","0.0000537600BTC"
"2020-12-25 18:47:14","BTCGBP","BUY","18006.9900000000","0.0000040000BTC","0.07202796GBP","0.0000000100BTC"
"2020-12-25 12:10:08","BTCGBP","SELL","18220.0000000000","0.5139100000BTC","9363.44020000GBP","9.3634402000GBP"
"2020-12-25 11:18:52","BTCGBP","BUY","17833.0500000000","0.0493790000BTC","880.57817595GBP","0.0000493800BTC"
"2020-12-25 11:18:52","BTCGBP","BUY","17833.0600000000","0.2152550000BTC","3838.65533030GBP","0.0002152600BTC"
"2020-12-25 11:18:52","BTCGBP","BUY","17831.0100000000","0.2480330000BTC","4422.67890333GBP","0.0002480300BTC"
"2020-12-25 11:18:52","BTCGBP","BUY","17833.0000000000","0.0017640000BTC","31.45741200GBP","0.0000017600BTC"
"2020-12-24 22:53:30","BTCGBP","SELL","17560.0000000000","0.0000050000BTC","0.08780000GBP","0.0000878000GBP"
"2020-12-24 22:53:28","BTCGBP","SELL","17560.0000000000","0.0500000000BTC","878.00000000GBP","0.8780000000GBP"
"2020-12-24 22:53:28","BTCGBP","SELL","17560.0000000000","0.2450500000BTC","4303.07800000GBP","4.3030780000GBP"
"2020-12-24 22:53:28","BTCGBP","SELL","17560.0000000000","0.2246600000BTC","3945.02960000GBP","3.9450296000GBP"
"2020-12-24 22:53:28","BTCGBP","SELL","17565.5500000000","0.0033730000BTC","59.24860015GBP","0.0592486000GBP"
"2020-12-24 16:29:13","BTCGBP","BUY","17320.0000000000","0.1296960000BTC","2246.33472000GBP","0.0001297000BTC"
"2020-12-24 16:29:13","BTCGBP","BUY","17318.3500000000","0.0020200000BTC","34.98306700GBP","0.0000020200BTC"
"2020-12-24 16:29:13","BTCGBP","BUY","17317.5400000000","0.0643570000BTC","1114.50492178GBP","0.0000643600BTC"
"2020-12-24 16:29:13","BTCGBP","BUY","17320.0000000000","0.0702910000BTC","1217.44012000GBP","0.0000702900BTC"
"2020-12-24 16:29:13","BTCGBP","BUY","17316.2600000000","0.0643610000BTC","1114.49180986GBP","0.0000643600BTC"
"2020-12-24 16:29:13","BTCGBP","BUY","17320.0000000000","0.0198440000BTC","343.69808000GBP","0.0000198400BTC"
"2020-12-24 16:29:13","BTCGBP","BUY","17320.0000000000","0.0015890000BTC","27.52148000GBP","0.0000015900BTC"
"2020-12-24 16:29:13","BTCGBP","BUY","17315.4100000000","0.1714540000BTC","2968.79630614GBP","0.0001714500BTC"
"2020-12-24 14:35:24","BTCGBP","SELL","17220.0000000000","0.0000010000BTC","0.01722000GBP","0.0000172200GBP"
"2020-12-24 14:35:24","BTCGBP","SELL","17220.0000000000","0.1000000000BTC","1722.00000000GBP","1.7220000000GBP"
"2020-12-24 14:35:24","BTCGBP","SELL","17220.0000000000","0.4173200000BTC","7186.25040000GBP","7.1862504000GBP"
"2020-12-24 14:35:19","BTCGBP","SELL","17220.0000000000","0.0098590000BTC","169.77198000GBP","0.1697719800GBP"
"2020-12-23 22:09:14","BTCGBP","BUY","17250.0000000000","0.4500000000BTC","7762.50000000GBP","0.0004500000BTC"
"2020-12-23 22:09:14","BTCGBP","BUY","17250.0000000000","0.0292360000BTC","504.32100000GBP","0.0000292400BTC"
"2020-12-23 22:09:11","BTCGBP","BUY","17250.0000000000","0.0484710000BTC","836.12475000GBP","0.0000484700BTC"
"2020-12-23 13:25:54","BTCGBP","SELL","17794.7200000000","0.5120650000BTC","9112.05329680GBP","9.1120533000GBP"
"2020-12-23 11:36:29","BTCGBP","BUY","17240.0000000000","0.3000000000BTC","5172.00000000GBP","0.0003000000BTC"
"2020-12-23 11:36:29","BTCGBP","BUY","17240.0000000000","0.2125700000BTC","3664.70680000GBP","0.0002125700BTC"
"2020-12-23 11:36:29","BTCGBP","BUY","17240.0000000000","0.0000080000BTC","0.13792000GBP","0.0000000100BTC"
"2020-12-23 11:00:28","BTCGBP","SELL","17495.0000000000","0.4613240000BTC","8070.86338000GBP","8.0708633800GBP"
"2020-12-23 11:00:26","BTCGBP","SELL","17495.0000000000","0.0013870000BTC","24.26556500GBP","0.0242655700GBP"
"2020-12-23 11:00:26","BTCGBP","SELL","17495.0000000000","0.0357250000BTC","625.00887500GBP","0.6250088800GBP"
"2020-12-23 11:00:25","BTCGBP","SELL","17499.0000000000","0.0005770000BTC","10.09692300GBP","0.0100969200GBP"
"2020-12-23 11:00:25","BTCGBP","SELL","17495.0000000000","0.0050000000BTC","87.47500000GBP","0.0874750000GBP"
"2020-12-23 11:00:25","BTCGBP","SELL","17498.1700000000","0.0007140000BTC","12.49369338GBP","0.0124936900GBP"
"2020-12-23 11:00:25","BTCGBP","SELL","17498.3300000000","0.0007670000BTC","13.42121911GBP","0.0134212200GBP"
"2020-12-23 10:13:39","BTCGBP","BUY","17720.3500000000","0.0211200000BTC","374.25379200GBP","0.0000211200BTC"
"2020-12-23 10:13:39","BTCGBP","BUY","17720.2000000000","0.1200000000BTC","2126.42400000GBP","0.0001200000BTC"
"2020-12-23 10:13:39","BTCGBP","BUY","17727.7300000000","0.0304180000BTC","539.24209114GBP","0.0000304200BTC"
"2020-12-23 10:13:39","BTCGBP","BUY","17724.5400000000","0.0422310000BTC","748.52504874GBP","0.0000422300BTC"
"2020-12-23 10:13:39","BTCGBP","BUY","17727.3200000000","0.0422270000BTC","748.57154164GBP","0.0000422300BTC"
"2020-12-23 10:13:39","BTCGBP","BUY","17707.8400000000","0.0000040000BTC","0.07083136GBP","0.0000000100BTC"
"2020-12-23 10:13:39","BTCGBP","BUY","17720.2100000000","0.2500000000BTC","4430.05250000GBP","0.0002500000BTC"
"2020-12-23 01:41:06","BTCGBP","SELL","17720.0000000000","0.0029150000BTC","51.65380000GBP","0.0516538000GBP"
"2020-12-23 01:41:06","BTCGBP","SELL","17720.0000000000","0.4405700000BTC","7806.90040000GBP","7.8069004000GBP"
"2020-12-23 01:41:06","BTCGBP","SELL","17720.0000000000","0.0029180000BTC","51.70696000GBP","0.0517069600GBP"
"2020-12-23 01:41:06","BTCGBP","SELL","17720.0000000000","0.0518600000BTC","918.95920000GBP","0.9189592000GBP"
"2020-12-23 01:41:05","BTCGBP","SELL","17728.8900000000","0.0000100000BTC","0.17728890GBP","0.0001772900GBP"
"2020-12-23 01:41:05","BTCGBP","SELL","17720.7400000000","0.0027270000BTC","48.32445798GBP","0.0483244600GBP"
"2020-12-21 03:07:05","BTCGBP","SELL","17960.0000000000","0.0055410000BTC","99.51636000GBP","0.0995163600GBP"
"2020-12-21 02:40:12","BTCGBP","BUY","17855.5600000000","0.0023650000BTC","42.22839940GBP","0.0000023700BTC"
"2020-12-21 02:40:12","BTCGBP","BUY","17855.3100000000","0.0031820000BTC","56.81559642GBP","0.0000031800BTC"
