portfolio,trade id,product,side,created at,size,size unit,price,fee,total,price/fee/total unit
default,307647,DOT-GBP,SELL,2021-09-23T23:12:51.456Z,9.83900000,DOT,23.894,1.17546533,233.91760067,GBP
default,328499,XRP-GBP,BUY,2020-11-23T23:45:46.985Z,10000.00000000,XRP,0.455,4.55,-4554.55,GBP
default,360160,XRP-GBP,BUY,2020-11-24T15:10:43.474Z,4959.00000000,XRP,0.49,2.42991,-2432.33991,GBP
default,360161,XRP-GBP,BUY,2020-11-24T15:10:43.501Z,5041.00000000,XRP,0.49,2.47009,-2472.56009,GBP
default,361351,XRP-GBP,SELL,2020-11-24T15:48:12.967Z,10010.00000000,XRP,0.5,5.005,4999.995,GBP
default,364306,XRP-GBP,BUY,2020-11-24T17:28:35.138Z,1000.00000000,XRP,0.501,0.501,-501.501,GBP
default,364310,XRP-GBP,BUY,2020-11-24T17:28:42.508Z,7000.00000000,XRP,0.501,3.507,-3510.507,GBP
default,364311,XRP-GBP,BUY,2020-11-24T17:28:42.515Z,2000.00000000,XRP,0.501,1.002,-1003.002,GBP
default,365061,XRP-GBP,SELL,2020-11-24T18:04:08.169Z,3.92387700,XRP,0.51,0.00200117727,1.99917609273,GBP
default,365062,XRP-GBP,SELL,2020-11-24T18:04:12.846Z,825.00000000,XRP,0.51,0.42075,420.32925,GBP
default,365063,XRP-GBP,SELL,2020-11-24T18:04:12.884Z,328.33869900,XRP,0.51,0.16745273649,167.28528375351,GBP
default,365064,XRP-GBP,SELL,2020-11-24T18:04:17.693Z,150.00000000,XRP,0.51,0.0765,76.4235,GBP
default,365065,XRP-GBP,SELL,2020-11-24T18:04:19.601Z,440.00000000,XRP,0.51,0.2244,224.1756,GBP
default,365068,XRP-GBP,SELL,2020-11-24T18:04:30.050Z,5000.00000000,XRP,0.51,2.55,2547.45,GBP
default,365069,XRP-GBP,SELL,2020-11-24T18:04:31.687Z,882.00000000,XRP,0.51,0.44982,449.37018,GBP
default,365070,XRP-GBP,SELL,2020-11-24T18:04:31.791Z,2370.73742400,XRP,0.51,1.20907608624,1207.86701015376,GBP
default,366248,XRP-GBP,BUY,2020-11-24T18:49:53.305Z,10000.00000000,XRP,0.5197,5.197,-5202.197,GBP
default,366848,XRP-GBP,SELL,2020-11-24T19:11:30.120Z,3070.33781000,XRP,0.53,1.6272790393,1625.6517602607,GBP
default,366849,XRP-GBP,SELL,2020-11-24T19:11:30.140Z,5000.00000000,XRP,0.53,2.65,2647.35,GBP
default,366850,XRP-GBP,SELL,2020-11-24T19:11:30.148Z,1929.66219000,XRP,0.53,1.0227209607,1021.6982397393,GBP
default,368451,XRP-GBP,BUY,2020-11-24T19:48:02.921Z,7.17505800,XRP,0.56,0.00401803248,-4.02205051248,GBP
default,368452,XRP-GBP,BUY,2020-11-24T19:48:04.509Z,150.68732000,XRP,0.56,0.0843848992,-84.4692840992,GBP
default,368453,XRP-GBP,BUY,2020-11-24T19:48:04.951Z,9842.13762000,XRP,0.56,5.5115970672,-5517.1086642672,GBP
default,368455,XRP-GBP,BUY,2020-11-24T19:48:08.087Z,0.00000200,XRP,0.56,1.12e-9,-0.00000112112,GBP
default,368732,XRP-GBP,SELL,2020-11-24T19:53:22.323Z,3506.00000000,XRP,0.55,1.9283,1926.3717,GBP
default,368733,XRP-GBP,SELL,2020-11-24T19:53:22.389Z,6494.00000000,XRP,0.55,3.5717,3568.1283,GBP
default,368913,XRP-GBP,BUY,2020-11-24T19:57:03.157Z,10000.00000000,XRP,0.555,5.55,-5555.55,GBP
default,483957,USDT-GBP,SELL,2021-10-09T22:49:22.836Z,5000.00000000,USDT,0.7347,0.36735,3673.13265,GBP
default,622454,DOT-GBP,SELL,2021-11-14T20:35:00.186Z,26.25000000,DOT,34.171,4.48494375,892.50380625,GBP
default,622455,DOT-GBP,SELL,2021-11-14T20:35:00.186Z,32.79000000,DOT,34.17,5.6021715,1114.8321285,GBP
default,622456,DOT-GBP,SELL,2021-11-14T20:35:00.186Z,65.58000000,DOT,34.161,11.2013919,2229.0769881,GBP
default,622457,DOT-GBP,SELL,2021-11-14T20:35:00.186Z,17.37500000,DOT,34.157,2.967389375,590.510485625,GBP
default,1014034,USDT-GBP,SELL,2022-01-21T11:34:02.022Z,58.32000000,USDT,0.738,0.004304016,43.035855984,GBP
default,1014035,USDT-GBP,SELL,2022-01-21T11:34:02.022Z,5000.00000000,USDT,0.738,0.369,3689.631,GBP
default,1014036,USDT-GBP,SELL,2022-01-21T11:34:02.046Z,1045.66000000,USDT,0.738,0,771.69708,GBP
default,1014037,USDT-GBP,SELL,2022-01-21T11:34:02.128Z,3452.23000000,USDT,0.738,0,2547.74574,GBP
default,1014038,USDT-GBP,SELL,2022-01-21T11:34:02.132Z,2971.11000000,USDT,0.738,0,2192.67918,GBP
default,1014039,USDT-GBP,SELL,2022-01-21T11:34:07.907Z,296.82000000,USDT,0.738,0,219.05316,GBP
default,1014040,USDT-GBP,SELL,2022-01-21T11:34:10.961Z,661.60000000,USDT,0.738,0,488.2608,GBP
default,1014041,USDT-GBP,SELL,2022-01-21T11:34:20.569Z,6774.39000000,USDT,0.738,0,4999.49982,GBP
default,1014043,USDT-GBP,SELL,2022-01-21T11:34:45.898Z,68.49000000,USDT,0.7379,0.0050538771,50.5337171229,GBP
default,1014044,USDT-GBP,SELL,2022-01-21T11:34:45.898Z,19997.02000000,USDT,0.7379,1.4755801058,14754.3254778942,GBP
default,1014045,USDT-GBP,SELL,2022-01-21T11:34:45.898Z,5000.00000000,USDT,0.7379,0.36895,3689.13105,GBP
default,1014046,USDT-GBP,SELL,2022-01-21T11:34:45.898Z,300.00000000,USDT,0.7378,0.022134,221.317866,GBP
default,1014047,USDT-GBP,SELL,2022-01-21T11:34:45.898Z,416.58000000,USDT,0.7378,0.0307352724,307.3219887276,GBP
default,1014048,USDT-GBP,SELL,2022-01-21T11:34:45.898Z,39994.02000000,USDT,0.7377,2.9503588554,29500.6381951446,GBP
default,1014049,USDT-GBP,SELL,2022-01-21T11:34:45.898Z,300.00000000,USDT,0.7377,0.022131,221.287869,GBP
default,1014050,USDT-GBP,SELL,2022-01-21T11:34:45.898Z,2226.06000000,USDT,0.7377,0.1642164462,1642.0002455538,GBP
default,1823892,ETH-GBP,BUY,2020-09-16T23:55:05.229Z,0.50000000,ETH,282,0.705,-141.705,GBP
default,1844426,ETH-GBP,BUY,2020-09-23T00:35:55.363Z,0.75000000,ETH,270,1.0125,-203.5125,GBP
default,1901004,ETH-GBP,BUY,2020-10-17T15:58:27.328Z,0.03487155,ETH,285.34,0.049751240385,-9.999999317385,GBP
default,1901033,ETH-GBP,BUY,2020-10-17T16:19:11.349Z,0.13994228,ETH,285.05,0.19945273457,-40.08999964857,GBP
default,1972551,ETH-GBP,BUY,2020-11-07T21:42:33.173Z,1.16000000,ETH,331,1.34386,-385.30386,GBP
default,2070544,ETH-GBP,BUY,2020-11-25T00:04:26.281Z,5.00000000,ETH,454.13,2.27065,-2272.92065,GBP
default,2070559,ETH-GBP,BUY,2020-11-25T00:07:53.943Z,5.00000000,ETH,453,2.265,-2267.265,GBP
default,2070572,ETH-GBP,BUY,2020-11-25T00:10:31.460Z,2.05366000,ETH,453,0.93030798,-931.23828798,GBP
default,2070573,ETH-GBP,BUY,2020-11-25T00:10:31.464Z,0.19634000,ETH,453,0.08894202,-89.03096202,GBP
default,2246072,ETH-GBP,SELL,2020-12-25T02:51:57.299Z,4.00000000,ETH,450.21,3.241512,1797.598488,GBP
default,2246073,ETH-GBP,SELL,2020-12-25T02:51:57.299Z,7.01571219,ETH,450.18,5.68499996464956,3152.64831372955044,GBP
default,2246074,ETH-GBP,SELL,2020-12-25T02:51:57.299Z,0.66334991,ETH,450,0.5373134271,297.9701460729,GBP
default,2246075,ETH-GBP,SELL,2020-12-25T02:51:57.316Z,3.12000000,ETH,450,1.1232,1402.8768,GBP
default,2246076,ETH-GBP,SELL,2020-12-25T02:52:16.887Z,0.00093790,ETH,450,0.000337644,0.421717356,GBP
default,2987066,XRP-BTC,SELL,2020-11-26T02:00:54.532Z,15.00000000,XRP,0.0000337,5.055e-7,0.0005049945,BTC
default,2987067,XRP-BTC,SELL,2020-11-26T02:00:58.490Z,9885.00000000,XRP,0.0000337,0.0003331245,0.3327913755,BTC
default,2987085,XRP-BTC,SELL,2020-11-26T02:01:54.221Z,9.00000000,XRP,0.0000338,3.042e-7,0.0003038958,BTC
default,3218350,XRP-BTC,BUY,2020-12-08T23:19:09.537Z,2642.00000000,XRP,0.00003044,0.00008042248,-0.08050290248,BTC
default,3218351,XRP-BTC,BUY,2020-12-08T23:19:09.852Z,20654.00000000,XRP,0.00003044,0.00062870776,-0.62933646776,BTC
default,3218931,XRP-BTC,SELL,2020-12-09T00:05:11.951Z,1676.00000000,XRP,0.0000305,0.000051118,0.051066882,BTC
default,3218932,XRP-BTC,SELL,2020-12-09T00:05:12.083Z,19.00000000,XRP,0.0000305,5.795e-7,0.0005789205,BTC
default,3218936,XRP-BTC,SELL,2020-12-09T00:05:22.029Z,21601.00000000,XRP,0.0000305,0.0006588305,0.6581716695,BTC
default,3219029,XRP-BTC,BUY,2020-12-09T00:12:19.887Z,53.00000000,XRP,0.00003029,0.00000160537,-0.00160697537,BTC
default,3219034,XRP-BTC,BUY,2020-12-09T00:12:35.041Z,4343.00000000,XRP,0.00003029,0.00013154947,-0.13168101947,BTC
default,3219035,XRP-BTC,BUY,2020-12-09T00:12:35.256Z,45.00000000,XRP,0.00003029,0.00000136305,-0.00136441305,BTC
default,3219081,XRP-BTC,BUY,2020-12-09T00:17:12.579Z,11432.00000000,XRP,0.00003045,0.0003481044,-0.3484525044,BTC
default,3219082,XRP-BTC,BUY,2020-12-09T00:17:12.778Z,702.00000000,XRP,0.00003045,0.0000213759,-0.0213972759,BTC
default,3219083,XRP-BTC,BUY,2020-12-09T00:17:12.797Z,3663.00000000,XRP,0.00003045,0.00011153835,-0.11164988835,BTC
default,3219084,XRP-BTC,BUY,2020-12-09T00:17:12.808Z,657.00000000,XRP,0.00003045,0.00002000565,-0.02002565565,BTC
default,3219085,XRP-BTC,BUY,2020-12-09T00:17:12.821Z,2000.00000000,XRP,0.00003045,0.0000609,-0.0609609,BTC
default,3219086,XRP-BTC,BUY,2020-12-09T00:17:12.839Z,420.00000000,XRP,0.00003045,0.000012789,-0.012801789,BTC
default,3219146,XRP-BTC,SELL,2020-12-09T00:22:33.600Z,2400.00000000,XRP,0.00003064,0.000147072,0.073388928,BTC
default,3219147,XRP-BTC,SELL,2020-12-09T00:22:33.600Z,250.00000000,XRP,0.00003064,0.00001532,0.00764468,BTC
default,3219148,XRP-BTC,SELL,2020-12-09T00:22:33.600Z,2400.00000000,XRP,0.00003063,0.000147024,0.073364976,BTC
default,3219149,XRP-BTC,SELL,2020-12-09T00:22:33.600Z,1262.00000000,XRP,0.00003063,0.00007731012,0.03857774988,BTC
default,3219150,XRP-BTC,SELL,2020-12-09T00:22:33.600Z,2400.00000000,XRP,0.00003062,0.000146976,0.073341024,BTC
default,3219151,XRP-BTC,SELL,2020-12-09T00:22:33.600Z,12007.00000000,XRP,0.00003062,0.00073530868,0.36691903132,BTC
default,3219152,XRP-BTC,SELL,2020-12-09T00:22:33.600Z,2400.00000000,XRP,0.00003061,0.000146928,0.073317072,BTC
default,3219153,XRP-BTC,SELL,2020-12-09T00:22:33.600Z,196.00000000,XRP,0.00003061,0.00001199912,0.00598756088,BTC
default,3219647,XRP-BTC,BUY,2020-12-09T01:01:17.613Z,163.00000000,XRP,0.00003045,0.00000397068,-0.00496732068,BTC
default,3219650,XRP-BTC,BUY,2020-12-09T01:01:23.073Z,725.00000000,XRP,0.00003045,0.000017661,-0.022093911,BTC
default,3219690,XRP-BTC,BUY,2020-12-09T01:05:26.056Z,36.00000000,XRP,0.00003054,8.79552e-7,-0.001100319552,BTC
default,3219691,XRP-BTC,BUY,2020-12-09T01:05:32.398Z,2685.00000000,XRP,0.00003054,0.00006559992,-0.08206549992,BTC
default,3219692,XRP-BTC,BUY,2020-12-09T01:05:32.484Z,2718.00000000,XRP,0.00003054,0.000066406176,-0.083074126176,BTC
default,3219695,XRP-BTC,BUY,2020-12-09T01:05:42.718Z,1802.00000000,XRP,0.00003054,0.000044026464,-0.055077106464,BTC
default,3219696,XRP-BTC,BUY,2020-12-09T01:05:49.036Z,2689.00000000,XRP,0.00003054,0.000065697648,-0.082187757648,BTC
default,3219697,XRP-BTC,BUY,2020-12-09T01:05:49.112Z,319.00000000,XRP,0.00003054,0.000007793808,-0.009750053808,BTC
default,3219698,XRP-BTC,BUY,2020-12-09T01:05:49.144Z,938.00000000,XRP,0.00003054,0.000022917216,-0.028669437216,BTC
default,3219699,XRP-BTC,BUY,2020-12-09T01:05:49.152Z,530.00000000,XRP,0.00003054,0.00001294896,-0.01619914896,BTC
default,3219700,XRP-BTC,BUY,2020-12-09T01:05:49.179Z,415.00000000,XRP,0.00003054,0.00001013928,-0.01268423928,BTC
default,3219701,XRP-BTC,BUY,2020-12-09T01:05:49.279Z,838.00000000,XRP,0.00003054,0.000020474016,-0.025612994016,BTC
default,3219702,XRP-BTC,BUY,2020-12-09T01:05:49.375Z,723.00000000,XRP,0.00003054,0.000017664336,-0.022098084336,BTC
default,3219703,XRP-BTC,BUY,2020-12-09T01:05:49.668Z,2006.00000000,XRP,0.00003054,0.000049010592,-0.061312250592,BTC
default,3219704,XRP-BTC,BUY,2020-12-09T01:05:55.946Z,5998.00000000,XRP,0.00003054,0.000146543136,-0.183325463136,BTC
default,3219706,XRP-BTC,BUY,2020-12-09T01:05:59.273Z,727.00000000,XRP,0.00003054,0.000017762064,-0.022220342064,BTC
default,3236090,XRP-BTC,SELL,2020-12-09T20:59:26.674Z,982.00000000,XRP,0.00003144,0.000055573344,0.030818506656,BTC
default,3236091,XRP-BTC,SELL,2020-12-09T20:59:26.674Z,22330.00000000,XRP,0.00003143,0.00126329742,0.70056860258,BTC
default,3237190,XRP-BTC,BUY,2020-12-09T21:32:03.931Z,22700.00000000,XRP,0.00003215,0.000583844,-0.730388844,BTC
default,3237193,XRP-BTC,BUY,2020-12-09T21:32:04.857Z,30.00000000,XRP,0.00003215,7.716e-7,-0.0009652716,BTC
default,3237259,XRP-BTC,SELL,2020-12-09T21:33:34.467Z,22700.00000000,XRP,0.00003216,0.0005840256,0.7294479744,BTC
default,3237330,XRP-BTC,BUY,2020-12-09T21:35:10.051Z,2000.00000000,XRP,0.00003225,0.0000516,-0.0645516,BTC
default,3237331,XRP-BTC,BUY,2020-12-09T21:35:10.054Z,3000.00000000,XRP,0.00003225,0.0000774,-0.0968274,BTC
default,3237332,XRP-BTC,BUY,2020-12-09T21:35:10.058Z,13000.00000000,XRP,0.00003225,0.0003354,-0.4195854,BTC
default,3237333,XRP-BTC,BUY,2020-12-09T21:35:10.085Z,4600.00000000,XRP,0.00003225,0.00011868,-0.14846868,BTC
default,3240663,XRP-BTC,SELL,2020-12-09T23:34:26.661Z,9281.00000000,XRP,0.0000316,0.00023462368,0.29304497632,BTC
default,3240704,XRP-BTC,SELL,2020-12-09T23:42:55.817Z,6356.00000000,XRP,0.0000314,0.00015966272,0.19941873728,BTC
default,3240719,XRP-BTC,SELL,2020-12-09T23:46:12.300Z,6644.00000000,XRP,0.0000314,0.00016689728,0.20845470272,BTC
default,3240720,XRP-BTC,SELL,2020-12-09T23:46:12.317Z,349.00000000,XRP,0.0000314,0.00000876688,0.01094983312,BTC
default,3303130,XRP-BTC,BUY,2020-12-12T00:55:44.816Z,13604.00000000,XRP,0.00002935,0.00031942192,-0.39959682192,BTC
default,10336257,BTC-GBP,BUY,2020-09-15T11:24:15.913Z,0.01000000,BTC,8420,0.421,-84.621,GBP
default,10338388,BTC-GBP,BUY,2020-09-15T14:48:15.224Z,0.01000000,BTC,8400,0.42,-84.42,GBP
default,10339400,BTC-GBP,BUY,2020-09-15T16:21:13.331Z,0.01000000,BTC,8375,0.41875,-84.16875,GBP
default,10353251,BTC-GBP,BUY,2020-09-16T23:44:00.270Z,0.01000000,BTC,8480,0.424,-85.224,GBP
default,10355537,BTC-GBP,BUY,2020-09-17T10:14:59.461Z,0.02000000,BTC,8400,0.84,-168.84,GBP
default,10367771,BTC-GBP,BUY,2020-09-18T16:13:18.648Z,0.04000000,BTC,8410,1.682,-338.082,GBP
default,10386727,BTC-GBP,BUY,2020-09-21T09:54:55.114Z,0.00500000,BTC,8372,0.2093,-42.0693,GBP
default,10388524,BTC-GBP,BUY,2020-09-21T12:00:51.143Z,0.00418900,BTC,8250,0.17279625,-34.73204625,GBP
default,10388525,BTC-GBP,BUY,2020-09-21T12:00:59.842Z,0.00081100,BTC,8250,0.03345375,-6.72420375,GBP
default,10388672,BTC-GBP,BUY,2020-09-21T12:11:51.180Z,0.00500000,BTC,8210,0.20525,-41.25525,GBP
default,10388775,BTC-GBP,BUY,2020-09-21T12:21:42.511Z,0.04000000,BTC,8209,1.6418,-330.0018,GBP
default,10405608,BTC-GBP,BUY,2020-09-23T00:06:29.063Z,0.00132236,BTC,8277.05,0.05472619919,-10.99996603719,GBP
default,10405660,BTC-GBP,BUY,2020-09-23T00:38:47.051Z,0.00326338,BTC,8280,0.135103932,-27.155890332,GBP
default,10405661,BTC-GBP,BUY,2020-09-23T00:39:55.440Z,0.00316645,BTC,8280,0.13109103,-26.34929703,GBP
default,10405662,BTC-GBP,BUY,2020-09-23T00:40:01.049Z,0.00222562,BTC,8280,0.092140668,-18.520274268,GBP
default,10405663,BTC-GBP,BUY,2020-09-23T00:40:16.550Z,0.03134455,BTC,8280,1.29766437,-260.83053837,GBP
default,10612788,BTC-GBP,BUY,2020-10-17T15:54:31.964Z,0.00200000,BTC,8800,0.088,-17.688,GBP
default,10612899,BTC-GBP,BUY,2020-10-17T16:15:41.275Z,0.00600000,BTC,8791,0.26373,-53.00973,GBP
default,10651874,BTC-GBP,BUY,2020-10-21T14:34:48.558Z,0.44696449,BTC,9700,21.677777765,-4357.233330765,GBP
default,10652755,BTC-GBP,BUY,2020-10-21T15:03:14.304Z,0.20764982,BTC,9680,10.050251288,-2020.100508888,GBP
default,10652756,BTC-GBP,BUY,2020-10-21T15:03:15.489Z,0.00716288,BTC,9680,0.346683392,-69.683361792,GBP
default,10652761,BTC-GBP,BUY,2020-10-21T15:03:40.658Z,0.05187912,BTC,9680,2.510949408,-504.700831008,GBP
default,10652779,BTC-GBP,BUY,2020-10-21T15:04:36.334Z,0.06870403,BTC,9680,3.325275052,-668.380285452,GBP
default,10652812,BTC-GBP,BUY,2020-10-21T15:05:48.669Z,0.03802880,BTC,9680,1.84059392,-369.95937792,GBP
default,10652813,BTC-GBP,BUY,2020-10-21T15:05:49.555Z,0.00493261,BTC,9680,0.238738324,-47.986403124,GBP
default,10652814,BTC-GBP,BUY,2020-10-21T15:05:49.764Z,0.20164274,BTC,9680,9.759508616,-1961.661231816,GBP
default,10679977,BTC-GBP,BUY,2020-10-22T23:52:20.576Z,0.80000000,BTC,9930,27.804,-7971.804,GBP
default,10679978,BTC-GBP,BUY,2020-10-22T23:52:20.643Z,0.20000000,BTC,9930,6.951,-1992.951,GBP
default,10875022,BTC-GBP,BUY,2020-11-07T21:31:05.899Z,0.04443081,BTC,11310,1.75879361385,-504.27125471385,GBP
default,10875023,BTC-GBP,BUY,2020-11-07T21:31:07.379Z,0.80556000,BTC,11310,31.8880926,-9142.7716926,GBP
default,10875025,BTC-GBP,BUY,2020-11-07T21:31:12.321Z,0.00000919,BTC,11310,0.00036378615,-0.10430268615,GBP
default,10944821,BTC-GBP,BUY,2020-11-13T08:58:36.434Z,0.40170704,BTC,12411.11,17.4497059142504,-5003.0799671286504,GBP
default,10953374,BTC-GBP,SELL,2020-11-13T22:26:21.527Z,0.40170704,BTC,12405.25,17.44146690286,4965.83479105714,GBP
default,10954109,BTC-GBP,BUY,2020-11-14T00:27:52.237Z,0.10584183,BTC,12340,1.9591322733,-1308.0473144733,GBP
default,10954111,BTC-GBP,BUY,2020-11-14T00:28:17.540Z,0.28415817,BTC,12340,5.2597677267,-3511.7715855267,GBP
default,10954473,BTC-GBP,SELL,2020-11-14T02:12:12.650Z,0.06022000,BTC,12292,1.8505606,738.3736794,GBP
default,10954474,BTC-GBP,SELL,2020-11-14T02:12:12.650Z,0.06031000,BTC,12290,1.85302475,739.35687525,GBP
default,10954475,BTC-GBP,SELL,2020-11-14T02:12:12.650Z,0.24172905,BTC,12290,7.42712506125,2963.42289943875,GBP
default,10954476,BTC-GBP,SELL,2020-11-14T02:12:12.650Z,0.02774095,BTC,12288.41,0.85223041847375,340.03993697102625,GBP
default,10954524,BTC-GBP,BUY,2020-11-14T02:31:57.350Z,0.15109455,BTC,12326.15,4.65603521870625,-1867.07012270120625,GBP
default,10954525,BTC-GBP,BUY,2020-11-14T02:31:57.350Z,0.24754492,BTC,12331.13,7.631271473399,-3060.139860832999,GBP
default,10963016,BTC-GBP,SELL,2020-11-14T20:54:40.789Z,0.25695942,BTC,12157.66,7.810063155393,3116.215199001807,GBP
default,10963017,BTC-GBP,SELL,2020-11-14T20:54:40.789Z,0.11750000,BTC,12152.83,3.5698938125,1424.3876311875,GBP
default,10963018,BTC-GBP,SELL,2020-11-14T20:54:40.789Z,0.02418005,BTC,12152.72,0.73463344309,293.11874379291,GBP
default,10964413,BTC-GBP,BUY,2020-11-15T01:14:57.219Z,0.39778651,BTC,12121.24,12.054164391181,-4833.719920863581,GBP
default,10964890,BTC-GBP,SELL,2020-11-15T05:44:05.736Z,0.39778651,BTC,12161,7.256222622165,4830.225525487835,GBP
default,10966299,BTC-GBP,BUY,2020-11-15T11:24:08.251Z,0.08498645,BTC,12152.32,2.58195634016,-1035.36449240416,GBP
default,10966300,BTC-GBP,BUY,2020-11-15T11:24:08.251Z,0.31144780,BTC,12154.21,9.463504913095,-3794.865470151095,GBP
default,10966371,BTC-GBP,SELL,2020-11-15T11:32:53.920Z,0.39643425,BTC,12229.92,12.1208979069,4836.2382648531,GBP
default,10966488,BTC-GBP,BUY,2020-11-15T11:55:42.862Z,0.11407688,BTC,12137.82,3.461611589004,-1388.106247190604,GBP
default,10966489,BTC-GBP,BUY,2020-11-15T11:55:42.862Z,0.28337313,BTC,12137.83,8.59883719626975,-3448.13371570416975,GBP
default,10967215,BTC-GBP,SELL,2020-11-15T13:36:27.107Z,0.00228280,BTC,12215,0.027884402,27.856517598,GBP
default,10967216,BTC-GBP,SELL,2020-11-15T13:36:31.753Z,0.02350776,BTC,12215,0.2871472884,286.8601411116,GBP
default,10967220,BTC-GBP,SELL,2020-11-15T13:37:00.452Z,0.37165945,BTC,12215,4.53982018175,4535.28036156825,GBP
default,10969156,BTC-GBP,BUY,2020-11-15T17:47:45.604Z,0.31591688,BTC,12080,3.8162759104,-3820.0921863104,GBP
default,10969157,BTC-GBP,BUY,2020-11-15T17:47:50.314Z,0.07408312,BTC,12080,0.8949240896,-895.8190136896,GBP
default,10972339,BTC-GBP,SELL,2020-11-15T23:28:01.293Z,0.00409340,BTC,12154,0.0497511836,49.7014324164,GBP
default,10972341,BTC-GBP,SELL,2020-11-15T23:28:16.740Z,0.00944758,BTC,12154,0.11482588732,114.71106143268,GBP
default,10972342,BTC-GBP,SELL,2020-11-15T23:28:24.501Z,0.00787244,BTC,12154,0.09568163576,95.58595412424,GBP
default,10972364,BTC-GBP,SELL,2020-11-15T23:31:26.316Z,0.00311181,BTC,12154,0.03782093874,37.78311780126,GBP
default,10972855,BTC-GBP,SELL,2020-11-16T01:06:26.388Z,0.36547477,BTC,12154,4.44198035458,4437.53837422542,GBP
default,10973039,BTC-GBP,BUY,2020-11-16T02:02:22.798Z,0.30000001,BTC,12133.02,7.2798122426604,-3647.1859335728604,GBP
default,10973040,BTC-GBP,BUY,2020-11-16T02:02:22.798Z,0.07652634,BTC,12133.32,1.8570371432976,-930.3756087920976,GBP
default,10973041,BTC-GBP,BUY,2020-11-16T02:02:22.798Z,0.02400412,BTC,12133.58,0.5825118206992,-291.8384221702992,GBP
default,10973202,BTC-GBP,SELL,2020-11-16T03:40:30.346Z,0.01102916,BTC,12151,0.13401532316,133.88130783684,GBP
default,10973203,BTC-GBP,SELL,2020-11-16T03:40:30.358Z,0.38950131,BTC,12151,4.73283041781,4728.09758739219,GBP
default,10978503,BTC-GBP,BUY,2020-11-16T15:51:47.357Z,0.00000001,BTC,12484.17,2.496834e-7,-0.0001250913834,GBP
default,10978504,BTC-GBP,BUY,2020-11-16T15:51:47.357Z,0.30000001,BTC,12490.5,7.49430024981,-3754.64442515481,GBP
default,10978505,BTC-GBP,BUY,2020-11-16T15:51:47.357Z,0.08844610,BTC,12494.9,2.21025034978,-1107.33542523978,GBP
default,10978566,BTC-GBP,SELL,2020-11-16T15:57:32.555Z,0.38844612,BTC,12507,4.85829562284,4853.43732721716,GBP
default,10979373,BTC-GBP,BUY,2020-11-16T16:39:48.713Z,0.01000000,BTC,12600,0.126,-126.126,GBP
default,10979402,BTC-GBP,SELL,2020-11-16T16:41:22.846Z,0.01000000,BTC,12618.35,0.252367,125.931133,GBP
default,10979426,BTC-GBP,BUY,2020-11-16T16:43:35.404Z,0.00791818,BTC,12603.95,0.199600689622,-99.999945500622,GBP
default,10979435,BTC-GBP,BUY,2020-11-16T16:44:23.214Z,0.01000000,BTC,12599.53,0.2519906,-126.2472906,GBP
default,10979478,BTC-GBP,BUY,2020-11-16T16:47:24.220Z,0.03955548,BTC,12615.24,0.9980037470304,-499.9998772622304,GBP
default,10979695,BTC-GBP,SELL,2020-11-16T17:02:41.043Z,0.01000000,BTC,12618,0.12618,126.05382,GBP
default,10980507,BTC-GBP,BUY,2020-11-16T17:43:38.584Z,0.10000000,BTC,12700,1.27,-1271.27,GBP
default,10980748,BTC-GBP,SELL,2020-11-16T17:54:15.609Z,0.10000000,BTC,12670,1.267,1265.733,GBP
default,10982980,BTC-GBP,BUY,2020-11-16T20:15:01.889Z,0.00444738,BTC,12750,0.056704095,-56.760799095,GBP
default,10982981,BTC-GBP,BUY,2020-11-16T20:15:03.123Z,0.00847743,BTC,12750,0.1080872325,-108.1953197325,GBP
default,10982982,BTC-GBP,BUY,2020-11-16T20:15:03.824Z,0.00600259,BTC,12750,0.0765330225,-76.6095555225,GBP
default,10983001,BTC-GBP,BUY,2020-11-16T20:16:12.345Z,0.03750622,BTC,12750,0.478204305,-478.682509305,GBP
default,10983002,BTC-GBP,BUY,2020-11-16T20:16:19.521Z,0.01500350,BTC,12750,0.191294625,-191.485919625,GBP
default,10983003,BTC-GBP,BUY,2020-11-16T20:16:27.465Z,0.02680067,BTC,12750,0.3417085425,-342.0502510425,GBP
default,10983015,BTC-GBP,BUY,2020-11-16T20:17:30.512Z,0.03153020,BTC,12750,0.40201005,-402.41206005,GBP
default,10983016,BTC-GBP,BUY,2020-11-16T20:17:30.638Z,0.00877636,BTC,12750,0.11189859,-112.01048859,GBP
default,10983017,BTC-GBP,BUY,2020-11-16T20:17:42.909Z,0.03216080,BTC,12750,0.4100502,-410.4602502,GBP
default,10983018,BTC-GBP,BUY,2020-11-16T20:17:43.005Z,0.00774000,BTC,12750,0.098685,-98.783685,GBP
default,10983027,BTC-GBP,BUY,2020-11-16T20:18:26.616Z,0.30155485,BTC,12750,3.8448243375,-3848.6691618375,GBP
default,10985999,BTC-GBP,SELL,2020-11-17T01:49:42.265Z,0.03172470,BTC,12670,0.803903898,401.148045102,GBP
default,10986127,BTC-GBP,BUY,2020-11-17T02:42:43.745Z,0.00500000,BTC,12650,0.06325,-63.31325,GBP
default,10986215,BTC-GBP,SELL,2020-11-17T03:12:53.661Z,0.00377638,BTC,12650,0.047771207,47.723435793,GBP
default,10986216,BTC-GBP,SELL,2020-11-17T03:13:05.751Z,0.49697258,BTC,12650,6.286703137,6280.416433863,GBP
default,11008238,BTC-GBP,BUY,2020-11-18T01:00:38.674Z,0.00500000,BTC,13400,0.067,-67.067,GBP
default,11008243,BTC-GBP,BUY,2020-11-18T01:01:16.428Z,0.00500000,BTC,13390,0.06695,-67.01695,GBP
default,11008576,BTC-GBP,SELL,2020-11-18T02:04:52.778Z,0.01000000,BTC,13409.3,0.268186,133.824814,GBP
default,11009149,BTC-GBP,BUY,2020-11-18T03:56:09.948Z,0.50000000,BTC,13580,6.79,-6796.79,GBP
default,11010533,BTC-GBP,SELL,2020-11-18T05:34:11.270Z,0.50000000,BTC,13600,13.6,6786.4,GBP
default,11035478,BTC-GBP,BUY,2020-11-19T02:03:26.392Z,0.08771584,BTC,13550,1.188549632,-1189.738181632,GBP
default,11035480,BTC-GBP,BUY,2020-11-19T02:03:56.796Z,0.41228416,BTC,13550,5.586450368,-5592.036818368,GBP
default,11036114,BTC-GBP,SELL,2020-11-19T04:21:07.506Z,0.19700000,BTC,13480.14,2.65558758,2652.93199242,GBP
default,11036115,BTC-GBP,SELL,2020-11-19T04:21:09.746Z,0.05000000,BTC,13480.14,0.674007,673.332993,GBP
default,11036116,BTC-GBP,SELL,2020-11-19T04:21:10.129Z,0.25300000,BTC,13480.14,3.41047542,3407.06494458,GBP
default,11049451,BTC-GBP,BUY,2020-11-19T21:25:18.602Z,0.06451522,BTC,13610,1.7561042884,-879.8082484884,GBP
default,11054663,BTC-GBP,BUY,2020-11-20T09:02:28.960Z,0.00863922,BTC,13805,0.1192644321,-119.3836965321,GBP
default,11054664,BTC-GBP,BUY,2020-11-20T09:02:31.532Z,0.41136000,BTC,13805,5.6788248,-5684.5036248,GBP
default,11054665,BTC-GBP,BUY,2020-11-20T09:02:31.646Z,0.00000078,BTC,13805,0.0000107679,-0.0107786679,GBP
default,11055018,BTC-GBP,BUY,2020-11-20T09:24:24.095Z,0.00747462,BTC,13770,0.1029255174,-103.0284429174,GBP
default,11055019,BTC-GBP,BUY,2020-11-20T09:24:24.344Z,0.01459732,BTC,13770,0.2010050964,-201.2061014964,GBP
default,11055022,BTC-GBP,BUY,2020-11-20T09:24:41.441Z,0.01395000,BTC,13770,0.1920915,-192.2835915,GBP
default,11055023,BTC-GBP,BUY,2020-11-20T09:24:47.749Z,0.28397806,BTC,13770,3.9103778862,-3914.2882640862,GBP
default,11055492,BTC-GBP,BUY,2020-11-20T09:53:12.449Z,0.72000000,BTC,13720,9.8784,-9888.2784,GBP
default,11055626,BTC-GBP,BUY,2020-11-20T10:06:14.420Z,0.60000000,BTC,13760,8.256,-8264.256,GBP
default,11055627,BTC-GBP,BUY,2020-11-20T10:06:14.459Z,0.11000000,BTC,13760,1.5136,-1515.1136,GBP
default,11087396,BTC-GBP,BUY,2020-11-22T02:42:39.864Z,0.00212867,BTC,14020,0.0298439534,-29.8737973534,GBP
default,11087402,BTC-GBP,BUY,2020-11-22T02:45:01.390Z,0.03426542,BTC,14020,0.4804011884,-480.8815895884,GBP
default,11087404,BTC-GBP,BUY,2020-11-22T02:45:05.623Z,0.00100359,BTC,14020,0.0140703318,-14.0844021318,GBP
default,11087406,BTC-GBP,BUY,2020-11-22T02:45:27.977Z,0.25000000,BTC,14020,3.505,-3508.505,GBP
default,11087407,BTC-GBP,BUY,2020-11-22T02:45:27.981Z,0.09260000,BTC,14020,1.298252,-1299.550252,GBP
default,11087408,BTC-GBP,BUY,2020-11-22T02:45:31.366Z,0.00000232,BTC,14020,0.0000325264,-0.0325589264,GBP
default,11124185,BTC-GBP,SELL,2020-11-24T09:28:00.443Z,0.02631601,BTC,14120,0.3715820612,371.2104791388,GBP
default,11124189,BTC-GBP,SELL,2020-11-24T09:28:07.403Z,0.00352411,BTC,14120,0.0497604332,49.7106727668,GBP
default,11124190,BTC-GBP,SELL,2020-11-24T09:28:07.843Z,0.35015988,BTC,14120,4.9442575056,4939.3132480944,GBP
default,11130123,BTC-GBP,BUY,2020-11-24T13:04:08.333Z,0.37000000,BTC,14475,5.35575,-5361.10575,GBP
default,11130800,BTC-GBP,SELL,2020-11-24T13:33:56.524Z,0.01717218,BTC,14486,0.24875619948,248.50744328052,GBP
default,11130801,BTC-GBP,SELL,2020-11-24T13:33:57.957Z,0.00378029,BTC,14486,0.05476128094,54.70651965906,GBP
default,11130806,BTC-GBP,SELL,2020-11-24T13:34:10.385Z,0.02368799,BTC,14486,0.34314422314,342.80107891686,GBP
default,11130807,BTC-GBP,SELL,2020-11-24T13:34:10.718Z,0.00261104,BTC,14486,0.03782352544,37.78570191456,GBP
default,11130808,BTC-GBP,SELL,2020-11-24T13:34:12.371Z,0.00147749,BTC,14486,0.02140292014,21.38151721986,GBP
default,11130906,BTC-GBP,SELL,2020-11-24T13:37:07.127Z,0.01696413,BTC,14486,0.24574238718,245.49664479282,GBP
default,11130907,BTC-GBP,SELL,2020-11-24T13:37:07.263Z,0.00068757,BTC,14486,0.00996013902,9.95017888098,GBP
default,11130908,BTC-GBP,SELL,2020-11-24T13:37:13.257Z,0.00134031,BTC,14486,0.01941573066,19.39631492934,GBP
default,11130912,BTC-GBP,SELL,2020-11-24T13:37:26.605Z,0.01321091,BTC,14486,0.19137324226,191.18186901774,GBP
default,11130917,BTC-GBP,SELL,2020-11-24T13:37:35.955Z,0.00127158,BTC,14486,0.01842010788,18.40168777212,GBP
default,11130934,BTC-GBP,SELL,2020-11-24T13:38:10.229Z,0.01760946,BTC,14486,0.25509063756,254.83554692244,GBP
default,11130935,BTC-GBP,SELL,2020-11-24T13:38:16.495Z,0.00329774,BTC,14486,0.04777106164,47.72329057836,GBP
default,11130936,BTC-GBP,SELL,2020-11-24T13:38:16.973Z,0.00329774,BTC,14486,0.04777106164,47.72329057836,GBP
default,11131857,BTC-GBP,SELL,2020-11-24T14:22:36.950Z,0.00321455,BTC,14485,0.04656275675,46.51619399325,GBP
default,11131858,BTC-GBP,SELL,2020-11-24T14:22:37.223Z,0.10072448,BTC,14485,1.4589940928,1457.5350987072,GBP
default,11131859,BTC-GBP,SELL,2020-11-24T14:22:40.164Z,0.00660885,BTC,14485,0.09572919225,95.63346305775,GBP
default,11131860,BTC-GBP,SELL,2020-11-24T14:22:42.986Z,0.00660556,BTC,14485,0.0956815366,95.5858550634,GBP
default,11131862,BTC-GBP,SELL,2020-11-24T14:22:50.689Z,0.00891778,BTC,14485,0.1291740433,129.0448692567,GBP
default,11131864,BTC-GBP,SELL,2020-11-24T14:22:52.890Z,0.00426180,BTC,14485,0.061732173,61.670440827,GBP
default,11131865,BTC-GBP,SELL,2020-11-24T14:22:57.320Z,0.06768504,BTC,14485,0.9804178044,979.4373865956,GBP
default,11131866,BTC-GBP,SELL,2020-11-24T14:22:58.234Z,0.00127151,BTC,14485,0.01841782235,18.39940452765,GBP
default,11131867,BTC-GBP,SELL,2020-11-24T14:22:59.392Z,0.03282723,BTC,14485,0.47550242655,475.02692412345,GBP
default,11131868,BTC-GBP,SELL,2020-11-24T14:23:03.339Z,0.03147477,BTC,14485,0.45591204345,455.45613140655,GBP
default,11132207,BTC-GBP,BUY,2020-11-24T14:38:39.040Z,0.40000000,BTC,14490,5.796,-5801.796,GBP
default,11132784,BTC-GBP,SELL,2020-11-24T15:04:24.945Z,0.06603305,BTC,14590,0.9634221995,962.4587773005,GBP
default,11132785,BTC-GBP,SELL,2020-11-24T15:04:25.196Z,0.00327424,BTC,14590,0.0477711616,47.7233904384,GBP
default,11132787,BTC-GBP,SELL,2020-11-24T15:04:27.902Z,0.00655803,BTC,14590,0.0956816577,95.5859760423,GBP
default,11132788,BTC-GBP,SELL,2020-11-24T15:04:28.040Z,0.00220488,BTC,14590,0.0321691992,32.1370300008,GBP
default,11132792,BTC-GBP,SELL,2020-11-24T15:04:30.460Z,0.01639574,BTC,14590,0.2392138466,238.9746327534,GBP
default,11132793,BTC-GBP,SELL,2020-11-24T15:04:30.607Z,0.00340108,BTC,14590,0.0496217572,49.5721354428,GBP
default,11132796,BTC-GBP,SELL,2020-11-24T15:04:35.389Z,0.06558230,BTC,14590,0.956845757,955.888911243,GBP
default,11132797,BTC-GBP,SELL,2020-11-24T15:04:39.916Z,0.14366891,BTC,14590,2.0961293969,2094.0332675031,GBP
default,11132799,BTC-GBP,SELL,2020-11-24T15:04:44.037Z,0.00105777,BTC,14590,0.0154328643,15.4174314357,GBP
default,11132802,BTC-GBP,SELL,2020-11-24T15:04:50.762Z,0.07869903,BTC,14590,1.1482188477,1147.0706288523,GBP
default,11132803,BTC-GBP,SELL,2020-11-24T15:04:51.704Z,0.01311674,BTC,14590,0.1913732366,191.1818633634,GBP
default,11132804,BTC-GBP,SELL,2020-11-24T15:04:53.113Z,0.00000823,BTC,14590,0.0001200757,0.1199556243,GBP
default,11180217,BTC-GBP,BUY,2020-11-26T08:54:12.860Z,0.77904668,BTC,12300,9.582274164,-9591.856438164,GBP
default,11180230,BTC-GBP,BUY,2020-11-26T08:54:16.664Z,0.02095332,BTC,12300,0.257725836,-257.983561836,GBP
default,11182127,BTC-GBP,BUY,2020-11-26T09:04:31.437Z,0.24785220,BTC,12700,3.14772294,-3150.87066294,GBP
default,11182128,BTC-GBP,BUY,2020-11-26T09:04:32.796Z,0.25088853,BTC,12700,3.186284331,-3189.470615331,GBP
default,11182129,BTC-GBP,BUY,2020-11-26T09:04:32.846Z,0.12125927,BTC,12700,1.539992729,-1541.532721729,GBP
default,11205839,BTC-GBP,SELL,2020-11-26T20:59:44.911Z,0.80000000,BTC,12860,10.288,10277.712,GBP
default,11205840,BTC-GBP,SELL,2020-11-26T20:59:44.964Z,0.82845000,BTC,12860,10.653867,10643.213133,GBP
default,11205841,BTC-GBP,SELL,2020-11-26T20:59:45.005Z,0.07515000,BTC,12860,0.966429,965.462571,GBP
default,11205842,BTC-GBP,SELL,2020-11-26T20:59:45.033Z,0.05000000,BTC,12860,0.643,642.357,GBP
default,11205843,BTC-GBP,SELL,2020-11-26T20:59:45.095Z,0.00000026,BTC,12860,0.0000033436,0.0033402564,GBP
default,11215200,BTC-GBP,BUY,2020-11-27T10:05:48.016Z,0.20000000,BTC,12590,2.518,-2520.518,GBP
default,11215201,BTC-GBP,BUY,2020-11-27T10:05:48.021Z,0.05000000,BTC,12590,0.6295,-630.1295,GBP
default,11215202,BTC-GBP,BUY,2020-11-27T10:05:48.027Z,1.55000000,BTC,12590,19.5145,-19534.0145,GBP
default,11218732,BTC-GBP,SELL,2020-11-27T14:09:03.891Z,0.03536371,BTC,12634,0.44678511214,446.33832702786,GBP
default,11218825,BTC-GBP,SELL,2020-11-27T14:15:06.228Z,0.03788031,BTC,12630,0.4784283153,477.9498869847,GBP
default,11218826,BTC-GBP,SELL,2020-11-27T14:15:06.545Z,0.03788031,BTC,12630,0.4784283153,477.9498869847,GBP
default,11218827,BTC-GBP,SELL,2020-11-27T14:15:06.988Z,0.03788031,BTC,12630,0.4784283153,477.9498869847,GBP
default,11218828,BTC-GBP,SELL,2020-11-27T14:15:07.208Z,0.01098546,BTC,12630,0.1387463598,138.6076134402,GBP
default,11218830,BTC-GBP,SELL,2020-11-27T14:15:15.949Z,0.03138847,BTC,12630,0.3964363761,396.0399397239,GBP
default,11218831,BTC-GBP,SELL,2020-11-27T14:15:22.116Z,0.00220671,BTC,12630,0.0278707473,27.8428765527,GBP
default,11218832,BTC-GBP,SELL,2020-11-27T14:15:23.186Z,0.00606076,BTC,12630,0.0765473988,76.4708514012,GBP
default,11218833,BTC-GBP,SELL,2020-11-27T14:15:27.946Z,0.02272801,BTC,12630,0.2870547663,286.7677115337,GBP
default,11218834,BTC-GBP,SELL,2020-11-27T14:15:28.590Z,0.06510869,BTC,12630,0.8223227547,821.5004319453,GBP
default,11218835,BTC-GBP,SELL,2020-11-27T14:15:28.845Z,1.10250000,BTC,12630,13.924575,13910.650425,GBP
default,11218836,BTC-GBP,SELL,2020-11-27T14:15:28.896Z,0.40538097,BTC,12630,5.1199616511,5114.8416894489,GBP
default,11220472,BTC-GBP,BUY,2020-11-27T15:49:34.490Z,0.90720269,BTC,12420,11.2674574098,-11278.7248672098,GBP
default,11220473,BTC-GBP,BUY,2020-11-27T15:49:34.537Z,0.89279000,BTC,12420,11.0884518,-11099.5402518,GBP
default,11220474,BTC-GBP,BUY,2020-11-27T15:49:43.210Z,0.00000731,BTC,12420,0.0000907902,-0.0908809902,GBP
default,11222096,BTC-GBP,SELL,2020-11-27T17:27:34.124Z,0.39725108,BTC,12643.54,10.0453198400464,5012.6146001831536,GBP
default,11222097,BTC-GBP,SELL,2020-11-27T17:27:37.100Z,0.03779316,BTC,12640,0.4777055424,477.2278368576,GBP
default,11222098,BTC-GBP,SELL,2020-11-27T17:27:44.149Z,0.00566865,BTC,12640,0.071651736,71.580084264,GBP
default,11222099,BTC-GBP,SELL,2020-11-27T17:28:18.794Z,0.00756974,BTC,12640,0.0956815136,95.5858320864,GBP
default,11222100,BTC-GBP,SELL,2020-11-27T17:28:18.910Z,0.00984004,BTC,12640,0.1243781056,124.2537274944,GBP
default,11222101,BTC-GBP,SELL,2020-11-27T17:28:23.676Z,0.00145711,BTC,12640,0.0184178704,18.3994525296,GBP
default,11222102,BTC-GBP,SELL,2020-11-27T17:28:31.426Z,0.06368081,BTC,12640,0.8049254384,804.1205129616,GBP
default,11222103,BTC-GBP,SELL,2020-11-27T17:28:33.746Z,0.07756471,BTC,12640,0.9804179344,979.4375164656,GBP
default,11222104,BTC-GBP,SELL,2020-11-27T17:28:35.907Z,0.00763666,BTC,12640,0.0965273824,96.4308550176,GBP
default,11222105,BTC-GBP,SELL,2020-11-27T17:28:38.033Z,0.00166407,BTC,12640,0.0210338448,21.0128109552,GBP
default,11222107,BTC-GBP,SELL,2020-11-27T17:28:50.669Z,0.02649490,BTC,12640,0.334895536,334.560640464,GBP
default,11222110,BTC-GBP,SELL,2020-11-27T17:28:54.614Z,0.00377936,BTC,12640,0.0477711104,47.7233392896,GBP
default,11222188,BTC-GBP,SELL,2020-11-27T17:35:57.198Z,0.00078845,BTC,12620,0.009950239,9.940288761,GBP
default,11222234,BTC-GBP,SELL,2020-11-27T17:39:20.733Z,0.13759141,BTC,12601.84,3.4678098683888,1730.4371243260112,GBP
default,11222235,BTC-GBP,SELL,2020-11-27T17:39:20.733Z,1.01040859,BTC,12601.83,25.4659945634394,12707.5312871562606,GBP
default,11223005,BTC-GBP,SELL,2020-11-27T18:34:56.317Z,0.01544755,BTC,12657,0.19551964035,195.32412070965,GBP
default,11233136,BTC-GBP,BUY,2020-11-28T15:38:13.899Z,0.00178573,BTC,13090,0.0233752057,-23.3985809057,GBP
default,11233140,BTC-GBP,BUY,2020-11-28T15:38:22.364Z,0.00383890,BTC,13090,0.050251201,-50.301452201,GBP
default,11233418,BTC-GBP,BUY,2020-11-28T15:53:29.434Z,0.94845039,BTC,13150,12.4721226285,-12484.5947511285,GBP
default,11233426,BTC-GBP,BUY,2020-11-28T15:53:46.109Z,0.00727237,BTC,13150,0.0956316655,-95.7272971655,GBP
default,11233431,BTC-GBP,BUY,2020-11-28T15:54:13.932Z,1.03427724,BTC,13150,13.600745706,-13614.346451706,GBP
default,11235919,BTC-GBP,SELL,2020-11-28T17:54:30.428Z,0.14467837,BTC,13346,1.93087752602,1928.94664849398,GBP
default,11235920,BTC-GBP,SELL,2020-11-28T17:54:30.892Z,0.13000000,BTC,13346,1.73498,1733.24502,GBP
default,11235921,BTC-GBP,SELL,2020-11-28T17:54:30.938Z,0.19000000,BTC,13346,2.53574,2533.20426,GBP
default,11235922,BTC-GBP,SELL,2020-11-28T17:54:31.007Z,0.25000000,BTC,13346,3.3365,3333.1635,GBP
default,11235923,BTC-GBP,SELL,2020-11-28T17:54:32.290Z,0.07000000,BTC,13346,0.93422,933.28578,GBP
default,11235924,BTC-GBP,SELL,2020-11-28T17:54:32.970Z,0.01096049,BTC,13346,0.14627869954,146.13242084046,GBP
default,11235926,BTC-GBP,SELL,2020-11-28T17:54:38.764Z,0.00208832,BTC,13346,0.02787071872,27.84284800128,GBP
default,11235928,BTC-GBP,SELL,2020-11-28T17:54:41.708Z,0.13000000,BTC,13346,1.73498,1733.24502,GBP
default,11235929,BTC-GBP,SELL,2020-11-28T17:54:41.722Z,0.16000000,BTC,13346,2.13536,2133.22464,GBP
default,11235930,BTC-GBP,SELL,2020-11-28T17:54:41.796Z,0.03728175,BTC,13346,0.4975622355,497.0646732645,GBP
default,11235931,BTC-GBP,SELL,2020-11-28T17:54:41.815Z,0.51404000,BTC,13346,6.86037784,6853.51746216,GBP
default,11235932,BTC-GBP,SELL,2020-11-28T17:54:41.989Z,0.35655107,BTC,13346,4.75853058022,4753.77204963978,GBP
default,11237204,BTC-GBP,BUY,2020-11-28T19:41:29.764Z,0.71955000,BTC,13400,9.64197,-9651.61197,GBP
default,11237205,BTC-GBP,BUY,2020-11-28T19:41:29.794Z,0.40000000,BTC,13400,5.36,-5365.36,GBP
default,11237206,BTC-GBP,BUY,2020-11-28T19:41:29.802Z,0.60000000,BTC,13400,8.04,-8048.04,GBP
default,11237207,BTC-GBP,BUY,2020-11-28T19:41:29.810Z,0.24045000,BTC,13400,3.22203,-3225.25203,GBP
default,11237232,BTC-GBP,BUY,2020-11-28T19:42:55.278Z,0.00134770,BTC,13415,0.0180793955,-18.0974748955,GBP
default,11237233,BTC-GBP,BUY,2020-11-28T19:42:58.795Z,0.00299682,BTC,13415,0.0402023403,-40.2425426403,GBP
default,11237234,BTC-GBP,BUY,2020-11-28T19:43:04.397Z,0.02565000,BTC,13415,0.34409475,-344.43884475,GBP
default,11237235,BTC-GBP,BUY,2020-11-28T19:43:08.136Z,0.00000548,BTC,13415,0.0000735142,-0.0735877142,GBP
default,11238077,BTC-GBP,SELL,2020-11-28T20:51:33.584Z,0.27201000,BTC,13350,3.6313335,3627.7021665,GBP
default,11238082,BTC-GBP,SELL,2020-11-28T20:51:38.689Z,0.34600000,BTC,13350,4.6191,4614.4809,GBP
default,11238083,BTC-GBP,SELL,2020-11-28T20:51:39.945Z,0.60000000,BTC,13350,8.01,8001.99,GBP
default,11238084,BTC-GBP,SELL,2020-11-28T20:51:40.783Z,0.60000000,BTC,13350,8.01,8001.99,GBP
default,11238085,BTC-GBP,SELL,2020-11-28T20:51:40.873Z,0.17201463,BTC,13350,2.2963953105,2294.0989151895,GBP
default,11238635,BTC-GBP,BUY,2020-11-28T21:59:47.738Z,0.17485423,BTC,13370,2.3378010551,-2340.1388561551,GBP
default,11238637,BTC-GBP,BUY,2020-11-28T22:00:01.759Z,0.00709426,BTC,13370,0.0948502562,-94.9451064562,GBP
default,11238638,BTC-GBP,BUY,2020-11-28T22:00:02.620Z,0.00716315,BTC,13370,0.0957713155,-95.8670868155,GBP
default,11238640,BTC-GBP,BUY,2020-11-28T22:00:09.363Z,0.02257800,BTC,13370,0.30186786,-302.16972786,GBP
default,11238641,BTC-GBP,BUY,2020-11-28T22:00:28.710Z,0.00526191,BTC,13370,0.0703517367,-70.4220884367,GBP
default,11238644,BTC-GBP,BUY,2020-11-28T22:00:48.309Z,0.17122050,BTC,13370,2.289218085,-2291.507303085,GBP
default,11238690,BTC-GBP,BUY,2020-11-28T22:07:32.579Z,0.00715814,BTC,13365,0.0956685411,-95.7642096411,GBP
default,11238707,BTC-GBP,BUY,2020-11-28T22:10:23.334Z,0.05367118,BTC,13365,0.7173153207,-718.0326360207,GBP
default,11238715,BTC-GBP,BUY,2020-11-28T22:11:40.345Z,0.00385540,BTC,13368,0.0515389872,-51.5905261872,GBP
default,11238723,BTC-GBP,BUY,2020-11-28T22:13:44.380Z,0.59880320,BTC,13368,8.0048011776,-8012.8059787776,GBP
default,11238724,BTC-GBP,BUY,2020-11-28T22:13:45.986Z,0.92734140,BTC,13368,12.3966998352,-12409.0965350352,GBP
default,11238739,BTC-GBP,BUY,2020-11-28T22:15:08.348Z,0.00575781,BTC,13356.83,0.1538121786846,-77.0599015209846,GBP
default,11238831,BTC-GBP,SELL,2020-11-28T22:24:42.337Z,0.00500951,BTC,13310,0.0666765781,66.6099015219,GBP
default,11238833,BTC-GBP,SELL,2020-11-28T22:24:56.930Z,0.00178073,BTC,13310,0.0237015163,23.6778147837,GBP
default,11238836,BTC-GBP,SELL,2020-11-28T22:25:17.099Z,1.10250000,BTC,13310,14.674275,14659.600725,GBP
default,11238837,BTC-GBP,SELL,2020-11-28T22:25:17.137Z,0.87470976,BTC,13310,11.6423869056,11630.7445186944,GBP
default,11240065,BTC-GBP,BUY,2020-11-29T01:07:43.597Z,0.02027629,BTC,13299,0.26965438071,-269.92403509071,GBP
default,11240066,BTC-GBP,BUY,2020-11-29T01:07:45.435Z,0.03005583,BTC,13299,0.39971248317,-400.11219565317,GBP
default,11240067,BTC-GBP,BUY,2020-11-29T01:07:51.294Z,0.00151143,BTC,13299,0.02010050757,-20.12060807757,GBP
default,11240069,BTC-GBP,BUY,2020-11-29T01:08:23.353Z,0.08221091,BTC,13299,1.09332289209,-1094.41621498209,GBP
default,11240070,BTC-GBP,BUY,2020-11-29T01:08:27.559Z,0.26828000,BTC,13299,3.56785572,-3571.42357572,GBP
default,11240071,BTC-GBP,BUY,2020-11-29T01:08:27.564Z,0.70000000,BTC,13299,9.3093,-9318.6093,GBP
default,11240072,BTC-GBP,BUY,2020-11-29T01:08:27.594Z,0.15000000,BTC,13299,1.99485,-1996.84485,GBP
default,11240073,BTC-GBP,BUY,2020-11-29T01:08:27.600Z,0.25000000,BTC,13299,3.32475,-3328.07475,GBP
default,11240074,BTC-GBP,BUY,2020-11-29T01:08:27.620Z,0.47766000,BTC,13299,6.35240034,-6358.75274034,GBP
default,11240075,BTC-GBP,BUY,2020-11-29T01:08:27.621Z,0.00000554,BTC,13299,0.00007367646,-0.07375013646,GBP
default,11242542,ETH-BTC,BUY,2020-12-14T11:48:58.353Z,32.99000000,ETH,0.0303,0.0007996776,-1.0003966776,BTC
default,11242543,ETH-BTC,BUY,2020-12-14T11:49:01.631Z,0.00999924,ETH,0.0303,2.423815776e-7,-0.0003032193535776,BTC
default,11243949,ETH-BTC,SELL,2020-12-14T18:16:10.415Z,0.68000000,ETH,0.0304,0.0000165376,0.0206554624,BTC
default,11243950,ETH-BTC,SELL,2020-12-14T18:16:46.134Z,0.84065403,ETH,0.0304,0.0000204447060096,0.0255354378059904,BTC
default,11243951,ETH-BTC,SELL,2020-12-14T18:16:50.895Z,0.06191375,ETH,0.0304,0.0000015057424,0.0018806722576,BTC
default,11243956,ETH-BTC,SELL,2020-12-14T18:17:33.813Z,0.86007507,ETH,0.0304,0.0000209170257024,0.0261253651022976,BTC
default,11243980,ETH-BTC,SELL,2020-12-14T18:22:40.574Z,21.31848043,ETH,0.03038,0.0011657797838341,0.6464896556795659,BTC
default,11243981,ETH-BTC,SELL,2020-12-14T18:22:40.574Z,9.23887596,ETH,0.03038,0.0005052186929966,0.2801718329718034,BTC
default,11315517,BTC-GBP,BUY,2020-12-02T18:17:15.988Z,0.02147933,BTC,14285,0.30683222905,-307.13906127905,GBP
default,11315518,BTC-GBP,BUY,2020-12-02T18:17:27.052Z,0.40178000,BTC,14285,5.7394273,-5745.1667273,GBP
default,11315519,BTC-GBP,BUY,2020-12-02T18:17:27.079Z,0.15000000,BTC,14285,2.14275,-2144.89275,GBP
default,11315520,BTC-GBP,BUY,2020-12-02T18:17:27.083Z,0.12763000,BTC,14285,1.82319455,-1825.01774455,GBP
default,11315521,BTC-GBP,BUY,2020-12-02T18:17:27.201Z,0.00000497,BTC,14285,0.00007099645,-0.07106744645,GBP
default,11318209,BTC-GBP,SELL,2020-12-02T22:59:06.731Z,0.40000000,BTC,14315,5.726,5720.274,GBP
default,11318210,BTC-GBP,SELL,2020-12-02T22:59:06.750Z,0.30000000,BTC,14315,4.2945,4290.2055,GBP
default,11318317,BTC-GBP,BUY,2020-12-02T23:16:31.363Z,0.69689000,BTC,14350,10.0003715,-10010.3718715,GBP
default,11318319,BTC-GBP,BUY,2020-12-02T23:16:38.872Z,0.00000749,BTC,14350,0.0001074815,-0.1075889815,GBP
default,11322870,BTC-GBP,SELL,2020-12-03T11:12:46.750Z,0.00193300,BTC,14418,0.027869994,27.842124006,GBP
default,11322871,BTC-GBP,SELL,2020-12-03T11:12:55.648Z,0.00345063,BTC,14418,0.04975118334,49.70143215666,GBP
default,11322873,BTC-GBP,SELL,2020-12-03T11:13:04.677Z,0.48290000,BTC,14418,6.9624522,6955.4897478,GBP
default,11322894,BTC-GBP,SELL,2020-12-03T11:15:08.644Z,0.01063356,BTC,14400,0.153123264,152.970140736,GBP
default,11322895,BTC-GBP,SELL,2020-12-03T11:15:31.602Z,0.00764165,BTC,14400,0.11003976,109.92972024,GBP
default,11322896,BTC-GBP,SELL,2020-12-03T11:15:32.078Z,0.00670347,BTC,14400,0.096529968,96.433438032,GBP
default,11322897,BTC-GBP,SELL,2020-12-03T11:15:39.747Z,0.00717662,BTC,14400,0.103343328,103.239984672,GBP
default,11322899,BTC-GBP,SELL,2020-12-03T11:15:53.113Z,0.00345495,BTC,14400,0.04975128,49.70152872,GBP
default,11322900,BTC-GBP,SELL,2020-12-03T11:15:58.311Z,0.00102870,BTC,14400,0.01481328,14.79846672,GBP
default,11322902,BTC-GBP,SELL,2020-12-03T11:16:09.495Z,0.00127902,BTC,14400,0.018417888,18.399470112,GBP
default,11322903,BTC-GBP,SELL,2020-12-03T11:16:18.689Z,0.00127902,BTC,14400,0.018417888,18.399470112,GBP
default,11322912,BTC-GBP,SELL,2020-12-03T11:17:17.921Z,0.00717662,BTC,14400,0.103343328,103.239984672,GBP
default,11322928,BTC-GBP,SELL,2020-12-03T11:18:52.659Z,0.02724366,BTC,14400,0.392308704,391.916395296,GBP
default,11322929,BTC-GBP,SELL,2020-12-03T11:18:56.152Z,0.00664456,BTC,14400,0.095681664,95.585982336,GBP
default,11322930,BTC-GBP,SELL,2020-12-03T11:18:58.483Z,0.12998034,BTC,14400,1.871716896,1869.845179104,GBP
default,11325715,BTC-GBP,BUY,2020-12-03T15:59:17.945Z,0.27999828,BTC,14490,4.0571750772,-4061.2322522772,GBP
default,11325716,BTC-GBP,BUY,2020-12-03T15:59:21.048Z,0.00350000,BTC,14490,0.050715,-50.765715,GBP
default,11325717,BTC-GBP,BUY,2020-12-03T15:59:21.064Z,0.40990721,BTC,14490,5.9395554729,-5945.4950283729,GBP
default,11326162,BTC-GBP,BUY,2020-12-03T16:17:12.204Z,0.06976803,BTC,14350,1.0011712305,-1002.1724017305,GBP
default,11326164,BTC-GBP,BUY,2020-12-03T16:17:17.443Z,0.62639000,BTC,14350,8.9886965,-8997.6851965,GBP
default,11326167,BTC-GBP,BUY,2020-12-03T16:17:19.338Z,0.00000992,BTC,14350,0.000142352,-0.142494352,GBP
default,11328712,BTC-GBP,SELL,2020-12-03T20:30:14.179Z,0.01376244,BTC,14460,0.1990048824,198.8058775176,GBP
default,11328799,BTC-GBP,SELL,2020-12-03T20:39:33.359Z,0.02035499,BTC,14450,0.2941296055,293.8354758945,GBP
default,11328800,BTC-GBP,SELL,2020-12-03T20:39:37.086Z,0.01218889,BTC,14450,0.1761294605,175.9533310395,GBP
default,11329205,BTC-GBP,SELL,2020-12-03T21:21:35.052Z,0.00161890,BTC,14450,0.023393105,23.369711895,GBP
default,11329206,BTC-GBP,SELL,2020-12-03T21:21:53.242Z,0.00068859,BTC,14450,0.0099501255,9.9401753745,GBP
default,11329353,BTC-GBP,SELL,2020-12-03T21:37:35.501Z,0.00104391,BTC,14450,0.0150844995,15.0694150005,GBP
default,11329355,BTC-GBP,SELL,2020-12-03T21:37:43.583Z,1.28690000,BTC,14450,18.595705,18577.109295,GBP
default,11329356,BTC-GBP,SELL,2020-12-03T21:37:43.822Z,0.05301572,BTC,14450,0.766077154,765.311076846,GBP
default,11330501,BTC-GBP,BUY,2020-12-03T23:40:38.338Z,0.30000000,BTC,14490,4.347,-4351.347,GBP
default,11330502,BTC-GBP,BUY,2020-12-03T23:40:38.346Z,0.20000000,BTC,14490,2.898,-2900.898,GBP
default,11330503,BTC-GBP,BUY,2020-12-03T23:40:38.349Z,0.88200000,BTC,14490,12.78018,-12792.96018,GBP
default,11330504,BTC-GBP,BUY,2020-12-03T23:40:38.397Z,0.00097826,BTC,14490,0.0141749874,-14.1891623874,GBP
default,11336624,BTC-GBP,BUY,2020-12-04T12:26:24.818Z,0.04252863,BTC,14020,0.5962513926,-596.8476439926,GBP
default,11336630,BTC-GBP,BUY,2020-12-04T12:26:35.665Z,0.44993665,BTC,14020,6.308111833,-6314.419944833,GBP
default,11340301,BTC-GBP,BUY,2020-12-04T17:40:36.296Z,0.00348523,BTC,14130,0.0492462999,-49.2955461999,GBP
default,11340312,BTC-GBP,BUY,2020-12-04T17:42:26.338Z,0.04625791,BTC,14130,0.6536242683,-654.2778925683,GBP
default,11340313,BTC-GBP,BUY,2020-12-04T17:42:30.976Z,0.00181600,BTC,14130,0.02566008,-25.68574008,GBP
default,11340315,BTC-GBP,BUY,2020-12-04T17:42:35.758Z,0.16681643,BTC,14130,2.3571161559,-2359.4732720559,GBP
default,11344958,BTC-GBP,BUY,2020-12-05T00:11:47.235Z,0.07209600,BTC,13840,0.99780864,-998.80644864,GBP
default,11344960,BTC-GBP,BUY,2020-12-05T00:11:51.186Z,0.47162500,BTC,13840,6.52729,-6533.81729,GBP
default,11344961,BTC-GBP,BUY,2020-12-05T00:11:52.139Z,0.05388702,BTC,13840,0.7457963568,-746.5421531568,GBP
default,11344962,BTC-GBP,BUY,2020-12-05T00:11:52.620Z,0.01365500,BTC,13840,0.1889852,-189.1741852,GBP
default,11344963,BTC-GBP,BUY,2020-12-05T00:11:52.952Z,0.03965600,BTC,13840,0.54883904,-549.38787904,GBP
default,11344964,BTC-GBP,BUY,2020-12-05T00:11:55.617Z,0.07083400,BTC,13840,0.98034256,-981.32290256,GBP
default,11344965,BTC-GBP,BUY,2020-12-05T00:11:56.473Z,0.00006851,BTC,13840,0.0009481784,-0.9491265784,GBP
default,11353536,BTC-GBP,BUY,2020-12-06T00:13:37.005Z,0.69767000,BTC,14315,9.98714605,-9997.13319605,GBP
default,11371076,BTC-GBP,BUY,2020-12-07T20:17:12.301Z,0.70471607,BTC,14180,9.9928738726,-10002.8667464726,GBP
default,11372008,BTC-GBP,SELL,2020-12-07T21:57:38.704Z,0.00699719,BTC,14290,0.0999898451,99.8898552549,GBP
default,11372015,BTC-GBP,SELL,2020-12-07T21:59:03.222Z,0.69771888,BTC,14290,9.9704027952,9960.4323924048,GBP
default,11377030,BTC-GBP,BUY,2020-12-08T11:46:29.302Z,0.71056205,BTC,14130,10.0402417665,-10050.2820082665,GBP
default,11446425,BTC-GBP,SELL,2020-12-13T12:58:45.330Z,1.60000000,BTC,14615,18.7072,23365.2928,GBP
default,11446426,BTC-GBP,SELL,2020-12-13T12:58:45.553Z,0.40040318,BTC,14615,4.68151398056,5847.21096171944,GBP
default,11453537,BTC-GBP,BUY,2020-12-13T23:29:50.797Z,0.52120000,BTC,14394.06,13.5039313296,-7515.6880033296,GBP
default,11453538,BTC-GBP,BUY,2020-12-13T23:29:50.797Z,0.52120000,BTC,14394.91,13.5047287656,-7516.1318207656,GBP
default,11453539,BTC-GBP,BUY,2020-12-13T23:29:50.821Z,0.98329708,BTC,14400,11.3275823616,-14170.8055343616,GBP
default,11463864,BTC-GBP,SELL,2020-12-14T23:30:23.240Z,1.29330000,BTC,14500,15.00228,18737.84772,GBP
default,11463865,BTC-GBP,SELL,2020-12-14T23:30:25.651Z,0.31700000,BTC,14500,3.6772,4592.8228,GBP
default,11463866,BTC-GBP,SELL,2020-12-14T23:30:26.210Z,0.41555561,BTC,14500,4.820445076,6020.735899924,GBP
default,11464342,BTC-GBP,BUY,2020-12-15T00:36:18.052Z,0.04194639,BTC,14505,0.48674590956,-608.91913285956,GBP
default,11464383,BTC-GBP,BUY,2020-12-15T00:39:35.746Z,0.04955951,BTC,14528,1.296001010304,-721.296562290304,GBP
default,11464384,BTC-GBP,BUY,2020-12-15T00:39:50.902Z,0.06810017,BTC,14528,0.791487415808,-990.150757175808,GBP
default,11464388,BTC-GBP,BUY,2020-12-15T00:40:01.073Z,0.02377996,BTC,14528,0.276380207104,-345.751639087104,GBP
default,11464393,BTC-GBP,BUY,2020-12-15T00:40:18.271Z,0.00425667,BTC,14528,0.049472721408,-61.890374481408,GBP
default,11464394,BTC-GBP,BUY,2020-12-15T00:40:38.682Z,0.00207536,BTC,14528,0.024120664064,-30.174950744064,GBP
default,11464395,BTC-GBP,BUY,2020-12-15T00:40:49.567Z,1.29120000,BTC,14528,15.00684288,-18773.56044288,GBP
default,11464396,BTC-GBP,BUY,2020-12-15T00:40:51.093Z,0.28450000,BTC,14528,3.3065728,-4136.5225728,GBP
default,11464403,BTC-GBP,BUY,2020-12-15T00:41:59.241Z,0.25439815,BTC,14530,2.9571240956,-3699.3622435956,GBP
default,11555290,BTC-GBP,BUY,2020-12-18T17:52:59.370Z,0.14539949,BTC,16899.93,4.42303416546426,-2461.66423720116426,GBP
default,11555291,BTC-GBP,BUY,2020-12-18T17:52:59.370Z,1.33145084,BTC,16900,40.5027345528,-22542.0219305528,GBP
default,11596023,BTC-GBP,BUY,2020-12-20T21:42:03.089Z,0.30000000,BTC,17610,4.2264,-5287.2264,GBP
default,11596024,BTC-GBP,BUY,2020-12-20T21:42:03.124Z,0.07300000,BTC,17610,1.028424,-1286.558424,GBP
default,11596025,BTC-GBP,BUY,2020-12-20T21:42:03.144Z,0.02300000,BTC,17610,0.324024,-405.354024,GBP
default,11596026,BTC-GBP,BUY,2020-12-20T21:42:03.193Z,0.00078778,BTC,17610,0.01109824464,-13.88390404464,GBP
default,11643484,BTC-GBP,SELL,2020-12-22T19:21:13.299Z,0.58556459,BTC,17577.2,18.5266546404264,10274.0592567075736,GBP
default,11645970,BTC-GBP,BUY,2020-12-22T22:48:05.733Z,0.03986441,BTC,17649,1.266420549762,-704.833392639762,GBP
default,11645971,BTC-GBP,BUY,2020-12-22T22:48:05.733Z,0.03000000,BTC,17650,0.9531,-530.4531,GBP
default,11645972,BTC-GBP,BUY,2020-12-22T22:48:05.733Z,0.20000000,BTC,17650,6.354,-3536.354,GBP
default,11645973,BTC-GBP,BUY,2020-12-22T22:48:05.733Z,0.00566572,BTC,17650,0.1799999244,-100.1799579244,GBP
default,11645974,BTC-GBP,BUY,2020-12-22T22:48:05.733Z,0.00864189,BTC,17650,0.2745528453,-152.8039113453,GBP
default,11645975,BTC-GBP,BUY,2020-12-22T22:48:05.733Z,0.02000000,BTC,17652,0.635472,-353.675472,GBP
default,11645976,BTC-GBP,BUY,2020-12-22T22:48:05.733Z,0.01000000,BTC,17654,0.317772,-176.857772,GBP
default,11645977,BTC-GBP,BUY,2020-12-22T22:48:05.733Z,0.23364246,BTC,17654.39,7.42466719691892,-4132.23977659631892,GBP
default,11645978,BTC-GBP,BUY,2020-12-22T22:48:05.733Z,0.03330523,BTC,17655.99,1.05846625408986,-589.09527408178986,GBP
default,11647180,BTC-GBP,SELL,2020-12-23T00:07:58.056Z,0.41361582,BTC,17700.06,13.17784469570856,7307.84698625349144,GBP
default,11647181,BTC-GBP,SELL,2020-12-23T00:07:58.056Z,0.16750389,BTC,17700.05,5.3366890107501,2959.4905391837499,GBP
default,11647439,BTC-GBP,BUY,2020-12-23T00:27:53.392Z,0.57603570,BTC,17798.29,18.4544107901154,-10270.9048497431154,GBP
default,11648609,BTC-GBP,SELL,2020-12-23T01:41:09.438Z,0.00037473,BTC,17680,0.01192540752,6.61330099248,GBP
default,11648610,BTC-GBP,SELL,2020-12-23T01:41:09.438Z,0.03005000,BTC,17678,0.95620302,530.26769698,GBP
default,11648611,BTC-GBP,SELL,2020-12-23T01:41:09.438Z,0.01101000,BTC,17676,0.350302968,194.262457032,GBP
default,11648612,BTC-GBP,SELL,2020-12-23T01:41:09.438Z,0.01000000,BTC,17674,0.318132,176.421868,GBP
default,11648613,BTC-GBP,SELL,2020-12-23T01:41:09.438Z,0.02000000,BTC,17672,0.636192,352.803808,GBP
default,11648614,BTC-GBP,SELL,2020-12-23T01:41:09.438Z,0.03003000,BTC,17670,0.95513418,529.67496582,GBP
default,11648615,BTC-GBP,SELL,2020-12-23T01:41:09.668Z,0.47400000,BTC,17670,6.700464,8368.879536,GBP
default,11648616,BTC-GBP,SELL,2020-12-23T01:41:09.995Z,0.00057097,BTC,17670,0.00807123192,10.08096866808,GBP
default,11652840,BTC-GBP,BUY,2020-12-23T10:12:59.147Z,0.02000000,BTC,17662,0.635832,-353.875832,GBP
default,11652841,BTC-GBP,BUY,2020-12-23T10:12:59.147Z,0.01000000,BTC,17664,0.317952,-176.957952,GBP
default,11652842,BTC-GBP,BUY,2020-12-23T10:12:59.147Z,0.01100000,BTC,17666,0.3497868,-194.6757868,GBP
default,11652843,BTC-GBP,BUY,2020-12-23T10:12:59.147Z,0.03000000,BTC,17668,0.954072,-530.994072,GBP
default,11652844,BTC-GBP,BUY,2020-12-23T10:12:59.147Z,0.03000000,BTC,17670,0.95418,-531.05418,GBP
default,11652845,BTC-GBP,BUY,2020-12-23T10:12:59.147Z,0.00568966,BTC,17670,0.18096532596,-100.71725752596,GBP
default,11652846,BTC-GBP,BUY,2020-12-23T10:12:59.330Z,0.46782750,BTC,17670,6.61320954,-8273.12513454,GBP
default,11653293,BTC-GBP,SELL,2020-12-23T10:43:23.248Z,0.00060060,BTC,17560,0.0189837648,10.5275522352,GBP
default,11653294,BTC-GBP,SELL,2020-12-23T10:43:23.248Z,0.03005000,BTC,17558,0.94971222,526.66818778,GBP
default,11653295,BTC-GBP,SELL,2020-12-23T10:43:23.248Z,0.01401000,BTC,17556,0.442727208,245.516832792,GBP
default,11653296,BTC-GBP,SELL,2020-12-23T10:43:24.464Z,0.06468300,BTC,17555,0.908408052,1134.601656948,GBP
default,11653297,BTC-GBP,SELL,2020-12-23T10:43:27.837Z,0.00133103,BTC,17555,0.01869298532,23.34753866468,GBP
default,11653298,BTC-GBP,SELL,2020-12-23T10:43:28.083Z,0.46384253,BTC,17555,6.51420449132,8136.24140965868,GBP
default,11655501,BTC-GBP,BUY,2020-12-23T11:33:22.761Z,0.00634423,BTC,17200,0.0872966048,-109.2080526048,GBP
default,11655502,BTC-GBP,BUY,2020-12-23T11:33:24.515Z,0.00561178,BTC,17200,0.0772180928,-96.5998340928,GBP
default,11655539,BTC-GBP,BUY,2020-12-23T11:35:03.877Z,0.00123900,BTC,17210,0.017058552,-21.340248552,GBP
default,11655540,BTC-GBP,BUY,2020-12-23T11:35:05.811Z,0.57100000,BTC,17210,7.861528,-9834.771528,GBP
default,11655541,BTC-GBP,BUY,2020-12-23T11:35:06.349Z,0.00079615,BTC,17210,0.0109613932,-13.7127028932,GBP
default,11657177,BTC-GBP,SELL,2020-12-23T12:45:56.803Z,0.57384464,BTC,17662.92,18.24438954374784,10117.52757920505216,GBP
default,11657178,BTC-GBP,SELL,2020-12-23T12:45:56.803Z,0.01114652,BTC,17662.91,0.35438396323176,196.52559560996824,GBP
default,11657306,BTC-GBP,BUY,2020-12-23T12:47:18.775Z,0.04901900,BTC,17755,0.696265876,-871.028610876,GBP
default,11657307,BTC-GBP,BUY,2020-12-23T12:47:19.196Z,0.01197500,BTC,17755,0.1700929,-212.7862179,GBP
default,11657308,BTC-GBP,BUY,2020-12-23T12:47:19.459Z,0.26472600,BTC,17755,3.760168104,-4703.970298104,GBP
default,11657309,BTC-GBP,BUY,2020-12-23T12:47:19.766Z,0.24196600,BTC,17755,3.436885064,-4299.543215064,GBP
default,11657310,BTC-GBP,BUY,2020-12-23T12:47:20.120Z,0.01273447,BTC,17755,0.18088041188,-226.28139526188,GBP
default,11658534,BTC-GBP,SELL,2020-12-23T13:25:30.355Z,0.00003000,BTC,17780,0.00096012,0.53243988,GBP
default,11658535,BTC-GBP,SELL,2020-12-23T13:25:30.355Z,0.03005000,BTC,17778,0.96161202,533.26728798,GBP
default,11658536,BTC-GBP,SELL,2020-12-23T13:25:30.355Z,0.01401000,BTC,17776,0.448275168,248.593484832,GBP
default,11658537,BTC-GBP,SELL,2020-12-23T13:25:30.355Z,0.01000000,BTC,17774,0.319932,177.420068,GBP
default,11658538,BTC-GBP,SELL,2020-12-23T13:25:30.355Z,0.02000000,BTC,17772,0.639792,354.800208,GBP
default,11658539,BTC-GBP,SELL,2020-12-23T13:25:30.355Z,0.03003000,BTC,17770,0.96053958,532.67256042,GBP
default,11658583,BTC-GBP,SELL,2020-12-23T13:26:28.587Z,0.01491983,BTC,17770,0.21210030328,264.91327879672,GBP
default,11658584,BTC-GBP,SELL,2020-12-23T13:26:29.644Z,0.46138064,BTC,17770,6.55898717824,8192.17498562176,GBP
default,11659768,BTC-GBP,BUY,2020-12-23T14:18:03.174Z,0.58318587,BTC,17655,8.23691722788,-10304.38345207788,GBP
default,11661184,BTC-GBP,SELL,2020-12-23T15:50:39.113Z,0.03005000,BTC,17448,0.94376232,523.36863768,GBP
default,11661185,BTC-GBP,SELL,2020-12-23T15:50:39.113Z,0.01401000,BTC,17446,0.439953228,243.978506772,GBP
default,11661186,BTC-GBP,SELL,2020-12-23T15:50:39.113Z,0.01000000,BTC,17445.34,0.31401612,174.13938388,GBP
default,11661187,BTC-GBP,SELL,2020-12-23T15:50:39.113Z,0.01000000,BTC,17444,0.313992,174.126008,GBP
default,11661188,BTC-GBP,SELL,2020-12-23T15:50:39.113Z,0.02000000,BTC,17442,0.627912,348.212088,GBP
default,11661189,BTC-GBP,SELL,2020-12-23T15:50:39.113Z,0.03003000,BTC,17440,0.94270176,522.78049824,GBP
default,11661190,BTC-GBP,SELL,2020-12-23T15:50:39.219Z,0.07000000,BTC,17440,0.97664,1219.82336,GBP
default,11661191,BTC-GBP,SELL,2020-12-23T15:50:40.122Z,0.05000000,BTC,17440,0.6976,871.3024,GBP
default,11661192,BTC-GBP,SELL,2020-12-23T15:50:41.513Z,0.05000000,BTC,17440,0.6976,871.3024,GBP
default,11661207,BTC-GBP,SELL,2020-12-23T15:51:20.233Z,0.29909587,BTC,17440,4.17298557824,5212.05898722176,GBP
default,11665784,BTC-GBP,BUY,2020-12-23T21:33:31.117Z,0.58756440,BTC,17280,8.1224902656,-10161.2353222656,GBP
default,11685055,BTC-GBP,SELL,2020-12-24T22:53:25.370Z,0.05695620,BTC,17470,0.7960198512,994.2287941488,GBP
default,11685056,BTC-GBP,SELL,2020-12-24T22:53:31.251Z,0.52957269,BTC,17470,7.40130791544,9244.23358638456,GBP
default,11689153,BTC-GBP,BUY,2020-12-25T10:08:35.463Z,0.24003523,BTC,17710,7.65184306194,-4258.67576636194,GBP
default,11689154,BTC-GBP,BUY,2020-12-25T10:08:35.463Z,0.02500000,BTC,17712,0.79704,-443.59704,GBP
default,11689155,BTC-GBP,BUY,2020-12-25T10:08:35.463Z,0.01000000,BTC,17713,0.318834,-177.448834,GBP
default,11689156,BTC-GBP,BUY,2020-12-25T10:08:35.463Z,0.01000000,BTC,17714,0.318852,-177.458852,GBP
default,11689157,BTC-GBP,BUY,2020-12-25T10:08:35.463Z,0.02000000,BTC,17716,0.637776,-354.957776,GBP
default,11689158,BTC-GBP,BUY,2020-12-25T10:08:35.463Z,0.03000000,BTC,17718,0.956772,-532.496772,GBP
default,11689159,BTC-GBP,BUY,2020-12-25T10:08:35.463Z,0.16021235,BTC,17718.31,5.1096457496313,-2843.8017288781313,GBP
default,11689160,BTC-GBP,BUY,2020-12-25T10:08:35.463Z,0.00564334,BTC,17720,0.17999997264,-100.17998477264,GBP
default,11689161,BTC-GBP,BUY,2020-12-25T10:08:35.463Z,0.03000000,BTC,17720,0.95688,-532.55688,GBP
default,11689164,BTC-GBP,BUY,2020-12-25T10:08:41.658Z,0.05060129,BTC,17720,0.71732388704,-897.37218268704,GBP
default,11689165,BTC-GBP,BUY,2020-12-25T10:08:41.745Z,0.02000000,BTC,17720,0.28352,-354.68352,GBP
default,11689166,BTC-GBP,BUY,2020-12-25T10:08:41.756Z,0.35000000,BTC,17720,4.9616,-6206.9616,GBP
default,11689167,BTC-GBP,BUY,2020-12-25T10:08:41.769Z,0.00052616,BTC,17720,0.00745884416,-9.33101404416,GBP
default,11689678,BTC-GBP,SELL,2020-12-25T10:45:29.401Z,0.01431898,BTC,17636,0.454553156304,252.074978123696,GBP
default,11689679,BTC-GBP,SELL,2020-12-25T10:45:29.401Z,0.01000000,BTC,17634,0.317412,176.022588,GBP
default,11689680,BTC-GBP,SELL,2020-12-25T10:45:29.401Z,0.03002000,BTC,17632,0.952762752,528.359877248,GBP
default,11689684,BTC-GBP,SELL,2020-12-25T10:45:55.356Z,0.07547943,BTC,17630,1.06456188072,1329.63778901928,GBP
default,11689685,BTC-GBP,SELL,2020-12-25T10:45:56.855Z,0.07744377,BTC,17630,1.09226693208,1364.24139816792,GBP
default,11689686,BTC-GBP,SELL,2020-12-25T10:46:01.454Z,0.00214525,BTC,17630,0.030256606,37.790500894,GBP
default,11689687,BTC-GBP,SELL,2020-12-25T10:46:09.000Z,0.08910281,BTC,17630,1.25670603224,1569.62583426776,GBP
default,11689688,BTC-GBP,SELL,2020-12-25T10:46:09.004Z,0.05000000,BTC,17630,0.7052,880.7948,GBP
default,11689689,BTC-GBP,SELL,2020-12-25T10:46:09.020Z,0.10000000,BTC,17630,1.4104,1761.5896,GBP
default,11689690,BTC-GBP,SELL,2020-12-25T10:46:09.027Z,0.50300000,BTC,17630,7.094312,8860.795688,GBP
default,11689691,BTC-GBP,SELL,2020-12-25T10:46:11.818Z,0.00050813,BTC,17630,0.00716666552,8.95116523448,GBP
default,11696332,BTC-GBP,BUY,2020-12-25T15:23:50.852Z,0.03203619,BTC,17800,0.4561953456,-570.7003773456,GBP
default,11696888,BTC-GBP,BUY,2020-12-25T16:10:55.372Z,0.41017062,BTC,17800,5.8408296288,-7306.8778656288,GBP
default,11696889,BTC-GBP,BUY,2020-12-25T16:10:55.554Z,0.45000000,BTC,17800,6.408,-8016.408,GBP
default,11696890,BTC-GBP,BUY,2020-12-25T16:10:55.571Z,0.04800000,BTC,17800,0.68352,-855.08352,GBP
default,11696892,BTC-GBP,BUY,2020-12-25T16:11:00.481Z,0.00085566,BTC,17800,0.0121845984,-15.2429325984,GBP
default,11699881,BTC-GBP,SELL,2020-12-25T20:07:43.610Z,0.01093690,BTC,18006.3,0.354479584446,196.578622885554,GBP
default,11699882,BTC-GBP,SELL,2020-12-25T20:07:43.637Z,0.41509582,BTC,18000,5.977379808,7465.747380192,GBP
default,11699883,BTC-GBP,SELL,2020-12-25T20:07:45.432Z,0.07329743,BTC,18000,1.055482992,1318.298257008,GBP
default,11699884,BTC-GBP,SELL,2020-12-25T20:07:45.630Z,0.30000000,BTC,18000,4.32,5395.68,GBP
default,11699885,BTC-GBP,SELL,2020-12-25T20:07:45.660Z,0.13162112,BTC,18000,1.895344128,2367.284815872,GBP
default,11699887,BTC-GBP,SELL,2020-12-25T20:07:47.817Z,0.01011120,BTC,18000,0.14560128,181.85599872,GBP
default,11700886,BTC-GBP,BUY,2020-12-25T21:44:42.141Z,0.94370455,BTC,17920,13.5289484288,-16924.7144844288,GBP
default,12094885,BTC-GBP,BUY,2021-01-04T18:57:23.608Z,0.84541039,BTC,23000,19.44443897,-19463.88340897,GBP
default,12094886,BTC-GBP,BUY,2021-01-04T18:57:24.200Z,0.24011036,BTC,23000,5.52253828,-5528.06081828,GBP
default,31067017,BTC-GBP,BUY,2022-09-22T19:07:29.853Z,0.09400000,BTC,17094.35,9.6412134,-1616.5101134,GBP
default,31067018,BTC-GBP,BUY,2022-09-22T19:07:29.853Z,0.48730804,BTC,17094.79,49.9825716546696,-8380.4111807662696,GBP
